order_id,order_date,week,month,customer_id,customer_type,product_id,product_name,product_category,quantity,gross_revenue,discount_amount,discount_code,net_revenue,shipping_charged,cogs,packaging_cost,shipping_cost,gateway_fee,gross_margin,gross_margin_pct,attributed_ad_spend,contribution_margin,cm_pct,channel,campaign_id,city,is_subscription,is_gift
ORD-2024-0001,01/04/2024,2024-W14,2024-04,CUST-0001,new,SKU-001,First Flush Darjeeling,First Flush,1,750,0.0,none,750.0,0,180,55,106,15.0,394.0,52.5,0.0,394.0,52.5,direct,none,Lucknow,False,False
ORD-2024-0002,02/04/2024,2024-W14,2024-04,CUST-0002,new,SKU-004,Original Darjeeling Chai,Chai,1,849,0.0,none,849.0,0,240,65,90,16.98,437.02,51.5,232.47,204.55,24.1,google_search,CMP-GS-001,Jaipur,False,False
ORD-2024-0003,08/04/2024,2024-W15,2024-04,CUST-0001,returning,SKU-001,First Flush Darjeeling,First Flush,1,750,0.0,none,750.0,0,180,55,106,15.0,394.0,52.5,8.11,385.89,51.5,email,CMP-EM-003,Indore,False,False
ORD-2024-0004,10/04/2024,2024-W15,2024-04,CUST-0002,returning,SKU-007,Darjeeling Pyramid Teabags,Pyramid Teabags,1,350,0.0,none,350.0,99,90,50,85,7.0,118.0,33.7,0.0,118.0,33.7,organic,none,Jaipur,False,False
ORD-2024-0005,11/04/2024,2024-W15,2024-04,CUST-0002,returning,SKU-007,Darjeeling Pyramid Teabags,Pyramid Teabags,1,350,0.0,none,350.0,99,90,50,85,7.0,118.0,33.7,0.0,118.0,33.7,direct,none,Kochi,False,False
ORD-2024-0006,11/04/2024,2024-W15,2024-04,CUST-0001,returning,SKU-007,Darjeeling Pyramid Teabags,Pyramid Teabags,1,350,0.0,none,350.0,99,90,50,85,7.0,118.0,33.7,0.0,118.0,33.7,organic,none,Hyderabad,False,False
ORD-2024-0007,12/04/2024,2024-W15,2024-04,CUST-0002,returning,SKU-012,Tea Club Darjeeling Green Monthly,Subscription,1,699,0.0,none,699.0,0,155,55,90,13.98,385.02,55.1,19.04,365.98,52.4,email,CMP-EM-003,Lucknow,True,False
ORD-2024-0008,12/04/2024,2024-W15,2024-04,CUST-0003,new,SKU-001,First Flush Darjeeling,First Flush,1,750,0.0,none,750.0,0,180,55,106,15.0,394.0,52.5,0.0,394.0,52.5,direct,none,Bengaluru,False,False
ORD-2024-0009,14/04/2024,2024-W15,2024-04,CUST-0004,new,SKU-001,First Flush Darjeeling,First Flush,1,750,0.0,none,750.0,0,180,55,106,15.0,394.0,52.5,234.97,159.03,21.2,google_search,CMP-GS-001,Mumbai,False,False
ORD-2024-0010,15/04/2024,2024-W16,2024-04,CUST-0003,returning,SKU-004,Original Darjeeling Chai,Chai,1,849,0.0,none,849.0,0,240,65,90,16.98,437.02,51.5,0.0,437.02,51.5,organic,none,Lucknow,False,False
ORD-2024-0011,18/04/2024,2024-W16,2024-04,CUST-0003,returning,SKU-004,Original Darjeeling Chai,Chai,1,849,0.0,none,849.0,0,240,65,90,16.98,437.02,51.5,15.19,421.83,49.7,email,CMP-EM-002,Delhi,False,False
ORD-2024-0012,19/04/2024,2024-W16,2024-04,CUST-0002,returning,SKU-001,First Flush Darjeeling,First Flush,1,750,0.0,none,750.0,0,180,55,106,15.0,394.0,52.5,15.58,378.42,50.5,email,CMP-EM-004,Jaipur,False,False
ORD-2024-0013,21/04/2024,2024-W16,2024-04,CUST-0005,new,SKU-004,Original Darjeeling Chai,Chai,1,849,0.0,none,849.0,0,240,65,90,16.98,437.02,51.5,206.77,230.25,27.1,google_search,CMP-GS-003,Hyderabad,False,False
ORD-2024-0014,22/04/2024,2024-W17,2024-04,CUST-0001,returning,SKU-002,Second Flush Darjeeling,Second Flush,1,650,0.0,none,650.0,99,160,55,106,13.0,316.0,48.6,0.0,316.0,48.6,direct,none,Bengaluru,False,False
ORD-2024-0015,24/04/2024,2024-W17,2024-04,CUST-0006,new,SKU-004,Original Darjeeling Chai,Chai,1,849,0.0,none,849.0,0,240,65,90,16.98,437.02,51.5,363.0,74.02,8.7,google_search,CMP-GS-003,Jaipur,False,False
ORD-2024-0016,25/04/2024,2024-W17,2024-04,CUST-0007,new,SKU-004,Original Darjeeling Chai,Chai,1,849,0.0,none,849.0,0,240,65,90,16.98,437.02,51.5,390.89,46.13,5.4,google_search,CMP-GS-003,Nagpur,False,False
ORD-2024-0017,25/04/2024,2024-W17,2024-04,CUST-0008,new,SKU-002,Second Flush Darjeeling,Second Flush,1,650,65.0,WELCOME10,585.0,99,160,55,106,11.7,252.3,43.1,0.0,252.3,43.1,organic,none,Kochi,False,False
ORD-2024-0018,27/04/2024,2024-W17,2024-04,CUST-0009,new,SKU-001,First Flush Darjeeling,First Flush,1,750,0.0,none,750.0,0,180,55,106,15.0,394.0,52.5,266.24,127.76,17.0,meta,CMP-MT-003,Jaipur,False,False
ORD-2024-0019,28/04/2024,2024-W17,2024-04,CUST-0010,new,SKU-001,First Flush Darjeeling,First Flush,1,750,0.0,none,750.0,0,180,55,106,15.0,394.0,52.5,0.0,394.0,52.5,organic,none,Pune,False,False
ORD-2024-0020,01/05/2024,2024-W18,2024-05,CUST-0011,new,SKU-002,Second Flush Darjeeling,Second Flush,1,650,0.0,none,650.0,99,160,55,106,13.0,316.0,48.6,321.19,-5.19,-0.8,google_search,CMP-GS-001,Pune,False,False
ORD-2024-0021,03/05/2024,2024-W18,2024-05,CUST-0012,new,SKU-009,Selim Hill Gift Box Classic,Gift Box,1,1299,129.9,WELCOME10,1169.1,0,290,130,120,23.38,605.72,51.8,9.76,595.96,51.0,email,CMP-EM-003,Lucknow,False,True
ORD-2024-0022,04/05/2024,2024-W18,2024-05,CUST-0013,new,SKU-006,First Flush Green Tea,Green Tea,1,699,0.0,none,699.0,0,165,55,100,13.98,365.02,52.2,20.69,344.33,49.3,email,CMP-EM-005,Indore,False,False
ORD-2024-0023,05/05/2024,2024-W18,2024-05,CUST-0014,new,SKU-003,Original Darjeeling Chai,Chai,1,399,0.0,none,399.0,99,110,55,90,7.98,136.02,34.1,0.0,136.02,34.1,direct,none,Mumbai,False,False
ORD-2024-0024,06/05/2024,2024-W19,2024-05,CUST-0015,new,SKU-001,First Flush Darjeeling,First Flush,1,750,0.0,none,750.0,0,180,55,106,15.0,394.0,52.5,444.17,-50.17,-6.7,meta,CMP-MT-002,Delhi,False,False
ORD-2024-0025,07/05/2024,2024-W19,2024-05,CUST-0016,new,SKU-003,Original Darjeeling Chai,Chai,1,399,0.0,none,399.0,99,110,55,90,7.98,136.02,34.1,286.35,-150.33,-37.7,google_search,CMP-GS-001,Nagpur,False,False
ORD-2024-0026,08/05/2024,2024-W19,2024-05,CUST-0017,new,SKU-005,Darjeeling Green Tea,Green Tea,1,549,54.9,WELCOME10,494.1,99,140,55,95,9.88,194.22,39.3,0.0,194.22,39.3,organic,none,Delhi,False,False
ORD-2024-0027,09/05/2024,2024-W19,2024-05,CUST-0016,returning,SKU-007,Darjeeling Pyramid Teabags,Pyramid Teabags,1,350,0.0,none,350.0,99,90,50,85,7.0,118.0,33.7,270.95,-152.95,-43.7,google_search,CMP-GS-002,Hyderabad,False,False
ORD-2024-0028,09/05/2024,2024-W19,2024-05,CUST-0015,returning,SKU-005,Darjeeling Green Tea,Green Tea,1,549,0.0,none,549.0,99,140,55,95,10.98,248.02,45.2,0.0,248.02,45.2,organic,none,Indore,False,False
ORD-2024-0029,12/05/2024,2024-W19,2024-05,CUST-0010,returning,SKU-001,First Flush Darjeeling,First Flush,1,750,0.0,none,750.0,0,180,55,106,15.0,394.0,52.5,0.0,394.0,52.5,organic,none,Mumbai,False,False
ORD-2024-0030,13/05/2024,2024-W20,2024-05,CUST-0018,new,SKU-008,Cold Brew Darjeeling,Cold Brew,1,499,0.0,none,499.0,99,130,55,95,9.98,209.02,41.9,199.23,9.79,2.0,google_search,CMP-GS-005,Bengaluru,False,False
ORD-2024-0031,14/05/2024,2024-W20,2024-05,CUST-0003,returning,SKU-001,First Flush Darjeeling,First Flush,1,750,0.0,none,750.0,0,180,55,106,15.0,394.0,52.5,0.0,394.0,52.5,organic,none,Pune,False,False
ORD-2024-0032,15/05/2024,2024-W20,2024-05,CUST-0017,returning,SKU-002,Second Flush Darjeeling,Second Flush,1,650,0.0,none,650.0,99,160,55,106,13.0,316.0,48.6,0.0,316.0,48.6,direct,none,Kolkata,False,False
ORD-2024-0033,16/05/2024,2024-W20,2024-05,CUST-0013,returning,SKU-004,Original Darjeeling Chai,Chai,1,849,0.0,none,849.0,0,240,65,90,16.98,437.02,51.5,0.0,437.02,51.5,direct,none,Surat,False,False
ORD-2024-0034,17/05/2024,2024-W20,2024-05,CUST-0019,new,SKU-012,Tea Club Darjeeling Green Monthly,Subscription,1,699,0.0,none,699.0,0,155,55,90,13.98,385.02,55.1,301.41,83.61,12.0,google_search,CMP-GS-002,Bengaluru,False,False
ORD-2024-0035,18/05/2024,2024-W20,2024-05,CUST-0020,new,SKU-008,Cold Brew Darjeeling,Cold Brew,1,499,0.0,none,499.0,99,130,55,95,9.98,209.02,41.9,342.69,-133.67,-26.8,meta,CMP-MT-001,Jaipur,False,False
ORD-2024-0036,19/05/2024,2024-W20,2024-05,CUST-0021,new,SKU-001,First Flush Darjeeling,First Flush,1,750,0.0,none,750.0,0,180,55,106,15.0,394.0,52.5,0.0,394.0,52.5,direct,none,Chennai,False,False
ORD-2024-0037,21/05/2024,2024-W21,2024-05,CUST-0022,new,SKU-008,Cold Brew Darjeeling,Cold Brew,1,499,0.0,none,499.0,99,130,55,95,9.98,209.02,41.9,0.0,209.02,41.9,direct,none,Bengaluru,False,False
ORD-2024-0038,22/05/2024,2024-W21,2024-05,CUST-0020,returning,SKU-003,Original Darjeeling Chai,Chai,1,399,0.0,none,399.0,99,110,55,90,7.98,136.02,34.1,0.0,136.02,34.1,direct,none,Nagpur,False,False
ORD-2024-0039,23/05/2024,2024-W21,2024-05,CUST-0023,new,SKU-001,First Flush Darjeeling,First Flush,1,750,0.0,none,750.0,0,180,55,106,15.0,394.0,52.5,232.34,161.66,21.6,meta,CMP-MT-002,Kolkata,False,False
ORD-2024-0040,24/05/2024,2024-W21,2024-05,CUST-0024,new,SKU-003,Original Darjeeling Chai,Chai,1,399,0.0,none,399.0,99,110,55,90,7.98,136.02,34.1,0.0,136.02,34.1,direct,none,Jaipur,False,False
ORD-2024-0041,24/05/2024,2024-W21,2024-05,CUST-0025,new,SKU-001,First Flush Darjeeling,First Flush,1,750,0.0,none,750.0,0,180,55,106,15.0,394.0,52.5,15.91,378.09,50.4,email,CMP-EM-006,Nagpur,False,False
ORD-2024-0042,25/05/2024,2024-W21,2024-05,CUST-0026,new,SKU-010,Selim Hill Gift Box Premium,Gift Box,1,1999,0.0,none,1999.0,0,420,180,130,39.98,1229.02,61.5,9.2,1219.82,61.0,email,CMP-EM-001,Pune,False,True
ORD-2024-0043,26/05/2024,2024-W21,2024-05,CUST-0027,new,SKU-004,Original Darjeeling Chai,Chai,1,849,0.0,none,849.0,0,240,65,90,16.98,437.02,51.5,0.0,437.02,51.5,direct,none,Chandigarh,False,False
ORD-2024-0044,26/05/2024,2024-W21,2024-05,CUST-0028,new,SKU-002,Second Flush Darjeeling,Second Flush,1,650,0.0,none,650.0,99,160,55,106,13.0,316.0,48.6,391.54,-75.54,-11.6,google_search,CMP-GS-002,Mumbai,False,False
ORD-2024-0045,27/05/2024,2024-W22,2024-05,CUST-0029,new,SKU-006,First Flush Green Tea,Green Tea,1,699,0.0,none,699.0,0,165,55,100,13.98,365.02,52.2,0.0,365.02,52.2,direct,none,Pune,False,False
ORD-2024-0046,27/05/2024,2024-W22,2024-05,CUST-0026,returning,SKU-003,Original Darjeeling Chai,Chai,1,399,0.0,none,399.0,99,110,55,90,7.98,136.02,34.1,9.45,126.57,31.7,email,CMP-EM-004,Nagpur,False,False
ORD-2024-0047,28/05/2024,2024-W22,2024-05,CUST-0030,new,SKU-007,Darjeeling Pyramid Teabags,Pyramid Teabags,1,350,0.0,none,350.0,99,90,50,85,7.0,118.0,33.7,0.0,118.0,33.7,direct,none,Pune,False,False
ORD-2024-0048,28/05/2024,2024-W22,2024-05,CUST-0007,returning,SKU-002,Second Flush Darjeeling,Second Flush,1,650,0.0,none,650.0,99,160,55,106,13.0,316.0,48.6,12.02,303.98,46.8,email,CMP-EM-003,Jaipur,False,False
ORD-2024-0049,28/05/2024,2024-W22,2024-05,CUST-0031,new,SKU-004,Original Darjeeling Chai,Chai,1,849,0.0,none,849.0,0,240,65,90,16.98,437.02,51.5,10.22,426.8,50.3,email,CMP-EM-001,Chandigarh,False,False
ORD-2024-0050,29/05/2024,2024-W22,2024-05,CUST-0014,returning,SKU-006,First Flush Green Tea,Green Tea,1,699,0.0,none,699.0,0,165,55,100,13.98,365.02,52.2,7.31,357.71,51.2,email,CMP-EM-005,Surat,False,False
ORD-2024-0051,30/05/2024,2024-W22,2024-05,CUST-0032,new,SKU-006,First Flush Green Tea,Green Tea,1,699,0.0,none,699.0,0,165,55,100,13.98,365.02,52.2,344.85,20.17,2.9,google_search,CMP-GS-005,Kochi,False,False
ORD-2024-0052,31/05/2024,2024-W22,2024-05,CUST-0033,new,SKU-011,Tea Club Darjeeling Black Monthly,Subscription,1,649,0.0,none,649.0,99,155,55,90,12.98,336.02,51.8,0.0,336.02,51.8,organic,none,Delhi,False,False
ORD-2024-0053,01/06/2024,2024-W22,2024-06,CUST-0034,new,SKU-003,Original Darjeeling Chai,Chai,1,399,0.0,none,399.0,99,110,55,90,7.98,136.02,34.1,415.22,-279.2,-70.0,meta,CMP-MT-002,Jaipur,False,False
ORD-2024-0054,02/06/2024,2024-W22,2024-06,CUST-0035,new,SKU-008,Cold Brew Darjeeling,Cold Brew,1,499,0.0,none,499.0,99,130,55,95,9.98,209.02,41.9,0.0,209.02,41.9,organic,none,Jaipur,False,False
ORD-2024-0055,02/06/2024,2024-W22,2024-06,CUST-0036,new,SKU-002,Second Flush Darjeeling,Second Flush,1,650,0.0,none,650.0,99,160,55,106,13.0,316.0,48.6,0.0,316.0,48.6,direct,none,Chandigarh,False,False
ORD-2024-0056,03/06/2024,2024-W23,2024-06,CUST-0037,new,SKU-004,Original Darjeeling Chai,Chai,1,849,0.0,none,849.0,0,240,65,90,16.98,437.02,51.5,370.5,66.52,7.8,google_search,CMP-GS-004,Indore,False,False
ORD-2024-0057,04/06/2024,2024-W23,2024-06,CUST-0022,returning,SKU-011,Tea Club Darjeeling Black Monthly,Subscription,1,649,0.0,none,649.0,99,155,55,90,12.98,336.02,51.8,9.49,326.53,50.3,email,CMP-EM-003,Pune,False,False
ORD-2024-0058,06/06/2024,2024-W23,2024-06,CUST-0038,new,SKU-007,Darjeeling Pyramid Teabags,Pyramid Teabags,1,350,0.0,none,350.0,99,90,50,85,7.0,118.0,33.7,381.19,-263.19,-75.2,meta,CMP-MT-003,Kochi,False,False
ORD-2024-0059,07/06/2024,2024-W23,2024-06,CUST-0039,new,SKU-003,Original Darjeeling Chai,Chai,1,399,39.9,WELCOME10,359.1,99,110,55,90,7.18,96.92,27.0,0.0,96.92,27.0,organic,none,Indore,False,False
ORD-2024-0060,08/06/2024,2024-W23,2024-06,CUST-0040,new,SKU-007,Darjeeling Pyramid Teabags,Pyramid Teabags,1,350,0.0,none,350.0,99,90,50,85,7.0,118.0,33.7,0.0,118.0,33.7,organic,none,Jaipur,False,False
ORD-2024-0061,08/06/2024,2024-W23,2024-06,CUST-0008,returning,SKU-007,Darjeeling Pyramid Teabags,Pyramid Teabags,1,350,0.0,none,350.0,99,90,50,85,7.0,118.0,33.7,0.0,118.0,33.7,direct,none,Jaipur,False,False
ORD-2024-0062,12/06/2024,2024-W24,2024-06,CUST-0041,new,SKU-007,Darjeeling Pyramid Teabags,Pyramid Teabags,1,350,0.0,none,350.0,99,90,50,85,7.0,118.0,33.7,0.0,118.0,33.7,organic,none,Kochi,False,False
ORD-2024-0063,12/06/2024,2024-W24,2024-06,CUST-0042,new,SKU-007,Darjeeling Pyramid Teabags,Pyramid Teabags,1,350,0.0,none,350.0,99,90,50,85,7.0,118.0,33.7,0.0,118.0,33.7,direct,none,Chennai,False,False
ORD-2024-0064,14/06/2024,2024-W24,2024-06,CUST-0043,new,SKU-002,Second Flush Darjeeling,Second Flush,1,650,0.0,none,650.0,99,160,55,106,13.0,316.0,48.6,260.6,55.4,8.5,google_search,CMP-GS-003,Surat,False,False
ORD-2024-0065,16/06/2024,2024-W24,2024-06,CUST-0010,returning,SKU-003,Original Darjeeling Chai,Chai,1,399,0.0,none,399.0,99,110,55,90,7.98,136.02,34.1,0.0,136.02,34.1,direct,none,Hyderabad,False,False
ORD-2024-0066,17/06/2024,2024-W25,2024-06,CUST-0027,returning,SKU-006,First Flush Green Tea,Green Tea,1,699,0.0,none,699.0,0,165,55,100,13.98,365.02,52.2,385.62,-20.6,-2.9,google_search,CMP-GS-001,Indore,False,False
ORD-2024-0067,20/06/2024,2024-W25,2024-06,CUST-0044,new,SKU-007,Darjeeling Pyramid Teabags,Pyramid Teabags,1,350,0.0,none,350.0,99,90,50,85,7.0,118.0,33.7,0.0,118.0,33.7,organic,none,Indore,False,False
ORD-2024-0068,21/06/2024,2024-W25,2024-06,CUST-0045,new,SKU-003,Original Darjeeling Chai,Chai,1,399,0.0,none,399.0,99,110,55,90,7.98,136.02,34.1,328.88,-192.86,-48.3,meta,CMP-MT-001,Lucknow,False,False
ORD-2024-0069,22/06/2024,2024-W25,2024-06,CUST-0030,returning,SKU-012,Tea Club Darjeeling Green Monthly,Subscription,1,699,0.0,none,699.0,0,155,55,90,13.98,385.02,55.1,0.0,385.02,55.1,direct,none,Surat,False,False
ORD-2024-0070,25/06/2024,2024-W26,2024-06,CUST-0042,returning,SKU-007,Darjeeling Pyramid Teabags,Pyramid Teabags,1,350,0.0,none,350.0,99,90,50,85,7.0,118.0,33.7,12.58,105.42,30.1,email,CMP-EM-003,Pune,False,False
ORD-2024-0071,27/06/2024,2024-W26,2024-06,CUST-0046,new,SKU-011,Tea Club Darjeeling Black Monthly,Subscription,1,649,0.0,none,649.0,99,155,55,90,12.98,336.02,51.8,351.69,-15.67,-2.4,meta,CMP-MT-001,Kochi,False,False
ORD-2024-0072,30/06/2024,2024-W26,2024-06,CUST-0047,new,SKU-007,Darjeeling Pyramid Teabags,Pyramid Teabags,1,350,0.0,none,350.0,99,90,50,85,7.0,118.0,33.7,17.43,100.57,28.7,email,CMP-EM-002,Pune,False,False
ORD-2024-0073,01/07/2024,2024-W27,2024-07,CUST-0043,returning,SKU-011,Tea Club Darjeeling Black Monthly,Subscription,1,649,0.0,none,649.0,99,155,55,90,12.98,336.02,51.8,0.0,336.02,51.8,direct,none,Chennai,False,False
ORD-2024-0074,01/07/2024,2024-W27,2024-07,CUST-0048,new,SKU-005,Darjeeling Green Tea,Green Tea,1,549,0.0,none,549.0,99,140,55,95,10.98,248.02,45.2,0.0,248.02,45.2,direct,none,Delhi,False,False
ORD-2024-0075,02/07/2024,2024-W27,2024-07,CUST-0038,returning,SKU-010,Selim Hill Gift Box Premium,Gift Box,1,1999,0.0,none,1999.0,0,420,180,130,39.98,1229.02,61.5,0.0,1229.02,61.5,direct,none,Surat,False,True
ORD-2024-0076,04/07/2024,2024-W27,2024-07,CUST-0049,new,SKU-006,First Flush Green Tea,Green Tea,1,699,69.9,WELCOME10,629.1,99,165,55,100,12.58,296.52,47.1,0.0,296.52,47.1,organic,none,Indore,False,False
ORD-2024-0077,06/07/2024,2024-W27,2024-07,CUST-0050,new,SKU-005,Darjeeling Green Tea,Green Tea,1,549,0.0,none,549.0,99,140,55,95,10.98,248.02,45.2,282.81,-34.79,-6.3,google_search,CMP-GS-005,Kolkata,False,False
ORD-2024-0078,07/07/2024,2024-W27,2024-07,CUST-0042,returning,SKU-007,Darjeeling Pyramid Teabags,Pyramid Teabags,1,350,0.0,none,350.0,99,90,50,85,7.0,118.0,33.7,17.71,100.29,28.7,email,CMP-EM-003,Nagpur,False,False
ORD-2024-0079,07/07/2024,2024-W27,2024-07,CUST-0051,new,SKU-003,Original Darjeeling Chai,Chai,1,399,0.0,none,399.0,99,110,55,90,7.98,136.02,34.1,0.0,136.02,34.1,organic,none,Chandigarh,False,False
ORD-2024-0080,08/07/2024,2024-W28,2024-07,CUST-0052,new,SKU-006,First Flush Green Tea,Green Tea,1,699,0.0,none,699.0,0,165,55,100,13.98,365.02,52.2,379.38,-14.36,-2.1,google_search,CMP-GS-002,Delhi,False,False
ORD-2024-0081,11/07/2024,2024-W28,2024-07,CUST-0053,new,SKU-006,First Flush Green Tea,Green Tea,1,699,0.0,none,699.0,0,165,55,100,13.98,365.02,52.2,384.23,-19.21,-2.7,google_search,CMP-GS-004,Bengaluru,False,False
ORD-2024-0082,13/07/2024,2024-W28,2024-07,CUST-0018,returning,SKU-006,First Flush Green Tea,Green Tea,1,699,0.0,none,699.0,0,165,55,100,13.98,365.02,52.2,15.33,349.69,50.0,email,CMP-EM-001,Pune,False,False
ORD-2024-0083,14/07/2024,2024-W28,2024-07,CUST-0054,new,SKU-006,First Flush Green Tea,Green Tea,1,699,0.0,none,699.0,0,165,55,100,13.98,365.02,52.2,0.0,365.02,52.2,organic,none,Indore,False,False
ORD-2024-0084,14/07/2024,2024-W28,2024-07,CUST-0019,returning,SKU-005,Darjeeling Green Tea,Green Tea,1,549,0.0,none,549.0,99,140,55,95,10.98,248.02,45.2,12.38,235.64,42.9,email,CMP-EM-005,Jaipur,False,False
ORD-2024-0085,15/07/2024,2024-W29,2024-07,CUST-0055,new,SKU-007,Darjeeling Pyramid Teabags,Pyramid Teabags,1,350,0.0,none,350.0,99,90,50,85,7.0,118.0,33.7,245.02,-127.02,-36.3,google_search,CMP-GS-004,Chennai,False,False
ORD-2024-0086,16/07/2024,2024-W29,2024-07,CUST-0048,returning,SKU-006,First Flush Green Tea,Green Tea,1,699,0.0,none,699.0,0,165,55,100,13.98,365.02,52.2,19.77,345.25,49.4,email,CMP-EM-002,Chennai,False,False
ORD-2024-0087,17/07/2024,2024-W29,2024-07,CUST-0056,new,SKU-005,Darjeeling Green Tea,Green Tea,1,549,0.0,none,549.0,99,140,55,95,10.98,248.02,45.2,379.83,-131.81,-24.0,google_search,CMP-GS-001,Chennai,False,False
ORD-2024-0088,17/07/2024,2024-W29,2024-07,CUST-0012,returning,SKU-006,First Flush Green Tea,Green Tea,1,699,0.0,none,699.0,0,165,55,100,13.98,365.02,52.2,24.49,340.53,48.7,email,CMP-EM-001,Jaipur,False,False
ORD-2024-0089,19/07/2024,2024-W29,2024-07,CUST-0057,new,SKU-002,Second Flush Darjeeling,Second Flush,1,650,0.0,none,650.0,99,160,55,106,13.0,316.0,48.6,292.66,23.34,3.6,google_search,CMP-GS-003,Ahmedabad,False,False
ORD-2024-0090,19/07/2024,2024-W29,2024-07,CUST-0058,new,SKU-003,Original Darjeeling Chai,Chai,1,399,0.0,none,399.0,99,110,55,90,7.98,136.02,34.1,0.0,136.02,34.1,direct,none,Delhi,False,False
ORD-2024-0091,20/07/2024,2024-W29,2024-07,CUST-0041,returning,SKU-003,Original Darjeeling Chai,Chai,1,399,0.0,none,399.0,99,110,55,90,7.98,136.02,34.1,0.0,136.02,34.1,organic,none,Chennai,False,False
ORD-2024-0092,22/07/2024,2024-W30,2024-07,CUST-0059,new,SKU-005,Darjeeling Green Tea,Green Tea,1,549,0.0,none,549.0,99,140,55,95,10.98,248.02,45.2,0.0,248.02,45.2,organic,none,Hyderabad,False,False
ORD-2024-0093,23/07/2024,2024-W30,2024-07,CUST-0060,new,SKU-008,Cold Brew Darjeeling,Cold Brew,1,499,0.0,none,499.0,99,130,55,95,9.98,209.02,41.9,6.2,202.82,40.6,email,CMP-EM-003,Kochi,False,False
ORD-2024-0094,24/07/2024,2024-W30,2024-07,CUST-0061,new,SKU-002,Second Flush Darjeeling,Second Flush,1,650,0.0,none,650.0,99,160,55,106,13.0,316.0,48.6,198.02,117.98,18.2,google_search,CMP-GS-005,Mumbai,False,False
ORD-2024-0095,24/07/2024,2024-W30,2024-07,CUST-0062,new,SKU-004,Original Darjeeling Chai,Chai,1,849,0.0,none,849.0,0,240,65,90,16.98,437.02,51.5,349.67,87.35,10.3,google_search,CMP-GS-003,Kochi,False,False
ORD-2024-0096,25/07/2024,2024-W30,2024-07,CUST-0063,new,SKU-003,Original Darjeeling Chai,Chai,1,399,0.0,none,399.0,99,110,55,90,7.98,136.02,34.1,338.68,-202.66,-50.8,google_search,CMP-GS-005,Surat,False,False
ORD-2024-0097,26/07/2024,2024-W30,2024-07,CUST-0010,returning,SKU-002,Second Flush Darjeeling,Second Flush,1,650,0.0,none,650.0,99,160,55,106,13.0,316.0,48.6,16.9,299.1,46.0,email,CMP-EM-003,Nagpur,False,False
ORD-2024-0098,27/07/2024,2024-W30,2024-07,CUST-0064,new,SKU-003,Original Darjeeling Chai,Chai,1,399,0.0,none,399.0,99,110,55,90,7.98,136.02,34.1,0.0,136.02,34.1,organic,none,Chennai,False,False
ORD-2024-0099,29/07/2024,2024-W31,2024-07,CUST-0006,returning,SKU-006,First Flush Green Tea,Green Tea,1,699,0.0,none,699.0,0,165,55,100,13.98,365.02,52.2,0.0,365.02,52.2,direct,none,Mumbai,False,False
ORD-2024-0100,30/07/2024,2024-W31,2024-07,CUST-0065,new,SKU-011,Tea Club Darjeeling Black Monthly,Subscription,1,649,0.0,none,649.0,99,155,55,90,12.98,336.02,51.8,16.52,319.5,49.2,email,CMP-EM-006,Indore,False,False
ORD-2024-0101,30/07/2024,2024-W31,2024-07,CUST-0066,new,SKU-006,First Flush Green Tea,Green Tea,1,699,0.0,none,699.0,0,165,55,100,13.98,365.02,52.2,13.72,351.3,50.3,email,CMP-EM-002,Nagpur,False,False
ORD-2024-0102,31/07/2024,2024-W31,2024-07,CUST-0067,new,SKU-004,Original Darjeeling Chai,Chai,1,849,0.0,none,849.0,0,240,65,90,16.98,437.02,51.5,385.86,51.16,6.0,google_search,CMP-GS-001,Kolkata,False,False
ORD-2024-0103,31/07/2024,2024-W31,2024-07,CUST-0068,new,SKU-006,First Flush Green Tea,Green Tea,1,699,0.0,none,699.0,0,165,55,100,13.98,365.02,52.2,230.28,134.74,19.3,meta,CMP-MT-003,Delhi,False,False
ORD-2024-0104,02/08/2024,2024-W31,2024-08,CUST-0069,new,SKU-004,Original Darjeeling Chai,Chai,1,849,0.0,none,849.0,0,240,65,90,16.98,437.02,51.5,14.24,422.78,49.8,email,CMP-EM-006,Mumbai,False,False
ORD-2024-0105,03/08/2024,2024-W31,2024-08,CUST-0070,new,SKU-007,Darjeeling Pyramid Teabags,Pyramid Teabags,1,350,0.0,none,350.0,99,90,50,85,7.0,118.0,33.7,211.44,-93.44,-26.7,google_search,CMP-GS-005,Chennai,False,False
ORD-2024-0106,04/08/2024,2024-W31,2024-08,CUST-0071,new,SKU-003,Original Darjeeling Chai,Chai,1,399,0.0,none,399.0,99,110,55,90,7.98,136.02,34.1,19.2,116.82,29.3,email,CMP-EM-005,Chennai,False,False
ORD-2024-0107,04/08/2024,2024-W31,2024-08,CUST-0072,new,SKU-002,Second Flush Darjeeling,Second Flush,1,650,0.0,none,650.0,99,160,55,106,13.0,316.0,48.6,7.35,308.65,47.5,email,CMP-EM-001,Nagpur,False,False
ORD-2024-0108,05/08/2024,2024-W32,2024-08,CUST-0035,returning,SKU-004,Original Darjeeling Chai,Chai,1,849,0.0,none,849.0,0,240,65,90,16.98,437.02,51.5,0.0,437.02,51.5,direct,none,Ahmedabad,False,False
ORD-2024-0109,05/08/2024,2024-W32,2024-08,CUST-0073,new,SKU-011,Tea Club Darjeeling Black Monthly,Subscription,1,649,0.0,none,649.0,99,155,55,90,12.98,336.02,51.8,0.0,336.02,51.8,organic,none,Nagpur,False,False
ORD-2024-0110,06/08/2024,2024-W32,2024-08,CUST-0054,returning,SKU-007,Darjeeling Pyramid Teabags,Pyramid Teabags,1,350,0.0,none,350.0,99,90,50,85,7.0,118.0,33.7,10.66,107.34,30.7,email,CMP-EM-001,Chennai,False,False
ORD-2024-0111,06/08/2024,2024-W32,2024-08,CUST-0074,new,SKU-006,First Flush Green Tea,Green Tea,1,699,0.0,none,699.0,0,165,55,100,13.98,365.02,52.2,0.0,365.02,52.2,direct,none,Ahmedabad,False,False
ORD-2024-0112,10/08/2024,2024-W32,2024-08,CUST-0075,new,SKU-003,Original Darjeeling Chai,Chai,1,399,0.0,none,399.0,99,110,55,90,7.98,136.02,34.1,0.0,136.02,34.1,organic,none,Pune,False,False
ORD-2024-0113,11/08/2024,2024-W32,2024-08,CUST-0061,returning,SKU-007,Darjeeling Pyramid Teabags,Pyramid Teabags,1,350,0.0,none,350.0,99,90,50,85,7.0,118.0,33.7,20.85,97.15,27.8,email,CMP-EM-006,Lucknow,False,False
ORD-2024-0114,13/08/2024,2024-W33,2024-08,CUST-0065,returning,SKU-003,Original Darjeeling Chai,Chai,1,399,0.0,none,399.0,99,110,55,90,7.98,136.02,34.1,6.99,129.03,32.3,email,CMP-EM-004,Surat,False,False
ORD-2024-0115,16/08/2024,2024-W33,2024-08,CUST-0076,new,SKU-003,Original Darjeeling Chai,Chai,1,399,0.0,none,399.0,99,110,55,90,7.98,136.02,34.1,314.8,-178.78,-44.8,meta,CMP-MT-002,Kochi,False,False
ORD-2024-0116,17/08/2024,2024-W33,2024-08,CUST-0077,new,SKU-005,Darjeeling Green Tea,Green Tea,1,549,0.0,none,549.0,99,140,55,95,10.98,248.02,45.2,20.19,227.83,41.5,email,CMP-EM-006,Nagpur,False,False
ORD-2024-0117,18/08/2024,2024-W33,2024-08,CUST-0078,new,SKU-003,Original Darjeeling Chai,Chai,1,399,0.0,none,399.0,99,110,55,90,7.98,136.02,34.1,0.0,136.02,34.1,organic,none,Pune,False,False
ORD-2024-0118,19/08/2024,2024-W34,2024-08,CUST-0013,returning,SKU-008,Cold Brew Darjeeling,Cold Brew,1,499,0.0,none,499.0,99,130,55,95,9.98,209.02,41.9,10.87,198.15,39.7,email,CMP-EM-001,Kolkata,False,False
ORD-2024-0119,22/08/2024,2024-W34,2024-08,CUST-0079,new,SKU-003,Original Darjeeling Chai,Chai,1,399,0.0,none,399.0,99,110,55,90,7.98,136.02,34.1,389.0,-252.98,-63.4,google_search,CMP-GS-005,Chandigarh,False,False
ORD-2024-0120,01/09/2024,2024-W35,2024-09,CUST-0080,new,SKU-011,Tea Club Darjeeling Black Monthly,Subscription,1,649,0.0,none,649.0,99,155,55,90,12.98,336.02,51.8,13.49,322.53,49.7,email,CMP-EM-003,Chennai,False,False
ORD-2024-0121,03/09/2024,2024-W36,2024-09,CUST-0081,new,SKU-003,Original Darjeeling Chai,Chai,1,399,0.0,none,399.0,99,110,55,90,7.98,136.02,34.1,380.95,-244.93,-61.4,meta,CMP-MT-002,Kochi,False,False
ORD-2024-0122,05/09/2024,2024-W36,2024-09,CUST-0082,new,SKU-005,Darjeeling Green Tea,Green Tea,1,549,0.0,none,549.0,99,140,55,95,10.98,248.02,45.2,0.0,248.02,45.2,organic,none,Mumbai,False,False
ORD-2024-0123,05/09/2024,2024-W36,2024-09,CUST-0083,new,SKU-007,Darjeeling Pyramid Teabags,Pyramid Teabags,1,350,0.0,none,350.0,99,90,50,85,7.0,118.0,33.7,12.05,105.95,30.3,email,CMP-EM-002,Lucknow,False,False
ORD-2024-0124,05/09/2024,2024-W36,2024-09,CUST-0033,returning,SKU-006,First Flush Green Tea,Green Tea,1,699,0.0,none,699.0,0,165,55,100,13.98,365.02,52.2,0.0,365.02,52.2,direct,none,Nagpur,False,False
ORD-2024-0125,06/09/2024,2024-W36,2024-09,CUST-0084,new,SKU-010,Selim Hill Gift Box Premium,Gift Box,1,1999,0.0,none,1999.0,0,420,180,130,39.98,1229.02,61.5,355.77,873.25,43.7,google_search,CMP-GS-003,Delhi,False,True
ORD-2024-0126,07/09/2024,2024-W36,2024-09,CUST-0085,new,SKU-004,Original Darjeeling Chai,Chai,1,849,0.0,none,849.0,0,240,65,90,16.98,437.02,51.5,390.35,46.67,5.5,google_search,CMP-GS-005,Kolkata,False,False
ORD-2024-0127,10/09/2024,2024-W37,2024-09,CUST-0086,new,SKU-007,Darjeeling Pyramid Teabags,Pyramid Teabags,1,350,0.0,none,350.0,99,90,50,85,7.0,118.0,33.7,0.0,118.0,33.7,direct,none,Kolkata,False,False
ORD-2024-0128,12/09/2024,2024-W37,2024-09,CUST-0029,returning,SKU-006,First Flush Green Tea,Green Tea,1,699,0.0,none,699.0,0,165,55,100,13.98,365.02,52.2,267.79,97.23,13.9,google_search,CMP-GS-005,Indore,False,False
ORD-2024-0129,14/09/2024,2024-W37,2024-09,CUST-0048,returning,SKU-004,Original Darjeeling Chai,Chai,1,849,0.0,none,849.0,0,240,65,90,16.98,437.02,51.5,0.0,437.02,51.5,organic,none,Kolkata,False,False
ORD-2024-0130,15/09/2024,2024-W37,2024-09,CUST-0030,returning,SKU-011,Tea Club Darjeeling Black Monthly,Subscription,1,649,0.0,none,649.0,99,155,55,90,12.98,336.02,51.8,9.43,326.59,50.3,email,CMP-EM-005,Delhi,False,False
ORD-2024-0131,20/09/2024,2024-W38,2024-09,CUST-0064,returning,SKU-003,Original Darjeeling Chai,Chai,1,399,0.0,none,399.0,99,110,55,90,7.98,136.02,34.1,0.0,136.02,34.1,direct,none,Hyderabad,False,False
ORD-2024-0132,21/09/2024,2024-W38,2024-09,CUST-0087,new,SKU-007,Darjeeling Pyramid Teabags,Pyramid Teabags,1,350,0.0,none,350.0,99,90,50,85,7.0,118.0,33.7,19.53,98.47,28.1,email,CMP-EM-004,Surat,False,False
ORD-2024-0133,22/09/2024,2024-W38,2024-09,CUST-0088,new,SKU-011,Tea Club Darjeeling Black Monthly,Subscription,1,649,0.0,none,649.0,99,155,55,90,12.98,336.02,51.8,232.14,103.88,16.0,google_search,CMP-GS-003,Ahmedabad,False,False
ORD-2024-0134,23/09/2024,2024-W39,2024-09,CUST-0089,new,SKU-003,Original Darjeeling Chai,Chai,1,399,0.0,none,399.0,99,110,55,90,7.98,136.02,34.1,0.0,136.02,34.1,organic,none,Lucknow,False,False
ORD-2024-0135,25/09/2024,2024-W39,2024-09,CUST-0016,returning,SKU-002,Second Flush Darjeeling,Second Flush,1,650,0.0,none,650.0,99,160,55,106,13.0,316.0,48.6,16.94,299.06,46.0,email,CMP-EM-006,Mumbai,False,False
ORD-2024-0136,26/09/2024,2024-W39,2024-09,CUST-0090,new,SKU-003,Original Darjeeling Chai,Chai,1,399,0.0,none,399.0,99,110,55,90,7.98,136.02,34.1,0.0,136.02,34.1,direct,none,Jaipur,False,False
ORD-2024-0137,27/09/2024,2024-W39,2024-09,CUST-0028,returning,SKU-003,Original Darjeeling Chai,Chai,1,399,0.0,none,399.0,99,110,55,90,7.98,136.02,34.1,0.0,136.02,34.1,organic,none,Indore,False,False
ORD-2024-0138,28/09/2024,2024-W39,2024-09,CUST-0091,new,SKU-003,Original Darjeeling Chai,Chai,1,399,0.0,none,399.0,99,110,55,90,7.98,136.02,34.1,206.38,-70.36,-17.6,google_search,CMP-GS-002,Nagpur,False,False
ORD-2024-0139,29/09/2024,2024-W39,2024-09,CUST-0002,returning,SKU-004,Original Darjeeling Chai,Chai,1,849,0.0,none,849.0,0,240,65,90,16.98,437.02,51.5,6.05,430.97,50.8,email,CMP-EM-003,Kochi,False,False
ORD-2024-0140,01/10/2024,2024-W40,2024-10,CUST-0058,returning,SKU-004,Original Darjeeling Chai,Chai,1,849,0.0,none,849.0,0,240,65,90,16.98,437.02,51.5,9.43,427.59,50.4,email,CMP-EM-005,Chandigarh,False,False
ORD-2024-0141,01/10/2024,2024-W40,2024-10,CUST-0085,returning,SKU-004,Original Darjeeling Chai,Chai,1,849,0.0,none,849.0,0,240,65,90,16.98,437.02,51.5,419.66,17.36,2.0,google_search,CMP-GS-001,Nagpur,False,False
ORD-2024-0142,02/10/2024,2024-W40,2024-10,CUST-0092,new,SKU-002,Second Flush Darjeeling,Second Flush,1,650,0.0,none,650.0,99,160,55,106,13.0,316.0,48.6,215.6,100.4,15.4,google_search,CMP-GS-005,Bengaluru,False,False
ORD-2024-0143,03/10/2024,2024-W40,2024-10,CUST-0082,returning,SKU-006,First Flush Green Tea,Green Tea,1,699,0.0,none,699.0,0,165,55,100,13.98,365.02,52.2,15.61,349.41,50.0,email,CMP-EM-005,Ahmedabad,False,False
ORD-2024-0144,03/10/2024,2024-W40,2024-10,CUST-0093,new,SKU-007,Darjeeling Pyramid Teabags,Pyramid Teabags,1,350,0.0,none,350.0,99,90,50,85,7.0,118.0,33.7,353.0,-235.0,-67.1,google_search,CMP-GS-005,Pune,False,False
ORD-2024-0145,05/10/2024,2024-W40,2024-10,CUST-0094,new,SKU-004,Original Darjeeling Chai,Chai,1,849,0.0,none,849.0,0,240,65,90,16.98,437.02,51.5,0.0,437.02,51.5,direct,none,Kolkata,False,False
ORD-2024-0146,05/10/2024,2024-W40,2024-10,CUST-0095,new,SKU-004,Original Darjeeling Chai,Chai,1,849,0.0,none,849.0,0,240,65,90,16.98,437.02,51.5,196.11,240.91,28.4,google_search,CMP-GS-004,Nagpur,False,False
ORD-2024-0147,05/10/2024,2024-W40,2024-10,CUST-0056,returning,SKU-010,Selim Hill Gift Box Premium,Gift Box,1,1999,0.0,none,1999.0,0,420,180,130,39.98,1229.02,61.5,0.0,1229.02,61.5,organic,none,Jaipur,False,True
ORD-2024-0148,06/10/2024,2024-W40,2024-10,CUST-0096,new,SKU-004,Original Darjeeling Chai,Chai,1,849,0.0,none,849.0,0,240,65,90,16.98,437.02,51.5,0.0,437.02,51.5,direct,none,Indore,False,False
ORD-2024-0149,06/10/2024,2024-W40,2024-10,CUST-0097,new,SKU-002,Second Flush Darjeeling,Second Flush,1,650,0.0,none,650.0,99,160,55,106,13.0,316.0,48.6,264.4,51.6,7.9,google_search,CMP-GS-003,Chandigarh,False,False
ORD-2024-0150,06/10/2024,2024-W40,2024-10,CUST-0098,new,SKU-010,Selim Hill Gift Box Premium,Gift Box,1,1999,0.0,none,1999.0,0,420,180,130,39.98,1229.02,61.5,264.03,964.99,48.3,google_search,CMP-GS-001,Jaipur,False,True
ORD-2024-0151,06/10/2024,2024-W40,2024-10,CUST-0099,new,SKU-005,Darjeeling Green Tea,Green Tea,1,549,0.0,none,549.0,99,140,55,95,10.98,248.02,45.2,0.0,248.02,45.2,direct,none,Nagpur,False,False
ORD-2024-0152,07/10/2024,2024-W41,2024-10,CUST-0100,new,SKU-005,Darjeeling Green Tea,Green Tea,1,549,0.0,none,549.0,99,140,55,95,10.98,248.02,45.2,0.0,248.02,45.2,organic,none,Chandigarh,False,False
ORD-2024-0153,07/10/2024,2024-W41,2024-10,CUST-0101,new,SKU-003,Original Darjeeling Chai,Chai,1,399,0.0,none,399.0,99,110,55,90,7.98,136.02,34.1,401.17,-265.15,-66.5,google_search,CMP-GS-003,Kolkata,False,False
ORD-2024-0154,08/10/2024,2024-W41,2024-10,CUST-0102,new,SKU-003,Original Darjeeling Chai,Chai,1,399,39.9,WELCOME10,359.1,99,110,55,90,7.18,96.92,27.0,0.0,96.92,27.0,organic,none,Kochi,False,False
ORD-2024-0155,08/10/2024,2024-W41,2024-10,CUST-0103,new,SKU-004,Original Darjeeling Chai,Chai,1,849,0.0,none,849.0,0,240,65,90,16.98,437.02,51.5,353.18,83.84,9.9,google_search,CMP-GS-003,Indore,False,False
ORD-2024-0156,08/10/2024,2024-W41,2024-10,CUST-0104,new,SKU-008,Cold Brew Darjeeling,Cold Brew,1,499,0.0,none,499.0,99,130,55,95,9.98,209.02,41.9,191.94,17.08,3.4,google_search,CMP-GS-005,Delhi,False,False
ORD-2024-0157,09/10/2024,2024-W41,2024-10,CUST-0085,returning,SKU-004,Original Darjeeling Chai,Chai,1,849,0.0,none,849.0,0,240,65,90,16.98,437.02,51.5,7.28,429.74,50.6,email,CMP-EM-005,Hyderabad,False,False
ORD-2024-0158,09/10/2024,2024-W41,2024-10,CUST-0087,returning,SKU-004,Original Darjeeling Chai,Chai,1,849,0.0,none,849.0,0,240,65,90,16.98,437.02,51.5,0.0,437.02,51.5,direct,none,Mumbai,False,False
ORD-2024-0159,10/10/2024,2024-W41,2024-10,CUST-0027,returning,SKU-003,Original Darjeeling Chai,Chai,1,399,0.0,none,399.0,99,110,55,90,7.98,136.02,34.1,7.4,128.62,32.2,email,CMP-EM-003,Ahmedabad,False,False
ORD-2024-0160,10/10/2024,2024-W41,2024-10,CUST-0105,new,SKU-010,Selim Hill Gift Box Premium,Gift Box,1,1999,199.9,WELCOME10,1799.1,0,420,180,130,35.98,1033.12,57.4,0.0,1033.12,57.4,organic,none,Jaipur,False,True
ORD-2024-0161,11/10/2024,2024-W41,2024-10,CUST-0106,new,SKU-002,Second Flush Darjeeling,Second Flush,1,650,0.0,none,650.0,99,160,55,106,13.0,316.0,48.6,0.0,316.0,48.6,direct,none,Mumbai,False,False
ORD-2024-0162,11/10/2024,2024-W41,2024-10,CUST-0107,new,SKU-002,Second Flush Darjeeling,Second Flush,1,650,0.0,none,650.0,99,160,55,106,13.0,316.0,48.6,317.62,-1.62,-0.2,google_search,CMP-GS-004,Kochi,False,False
ORD-2024-0163,11/10/2024,2024-W41,2024-10,CUST-0108,new,SKU-004,Original Darjeeling Chai,Chai,1,849,0.0,none,849.0,0,240,65,90,16.98,437.02,51.5,17.36,419.66,49.4,email,CMP-EM-002,Nagpur,False,False
ORD-2024-0164,11/10/2024,2024-W41,2024-10,CUST-0109,new,SKU-004,Original Darjeeling Chai,Chai,1,849,0.0,none,849.0,0,240,65,90,16.98,437.02,51.5,321.33,115.69,13.6,google_search,CMP-GS-004,Jaipur,False,False
ORD-2024-0165,12/10/2024,2024-W41,2024-10,CUST-0110,new,SKU-007,Darjeeling Pyramid Teabags,Pyramid Teabags,1,350,0.0,none,350.0,99,90,50,85,7.0,118.0,33.7,307.35,-189.35,-54.1,google_search,CMP-GS-001,Pune,False,False
ORD-2024-0166,12/10/2024,2024-W41,2024-10,CUST-0111,new,SKU-007,Darjeeling Pyramid Teabags,Pyramid Teabags,1,350,0.0,none,350.0,99,90,50,85,7.0,118.0,33.7,0.0,118.0,33.7,direct,none,Nagpur,False,False
ORD-2024-0167,12/10/2024,2024-W41,2024-10,CUST-0014,returning,SKU-011,Tea Club Darjeeling Black Monthly,Subscription,1,649,0.0,none,649.0,99,155,55,90,12.98,336.02,51.8,20.2,315.82,48.7,email,CMP-EM-002,Lucknow,True,False
ORD-2024-0168,12/10/2024,2024-W41,2024-10,CUST-0099,returning,SKU-004,Original Darjeeling Chai,Chai,1,849,0.0,none,849.0,0,240,65,90,16.98,437.02,51.5,0.0,437.02,51.5,direct,none,Chandigarh,False,False
ORD-2024-0169,13/10/2024,2024-W41,2024-10,CUST-0112,new,SKU-005,Darjeeling Green Tea,Green Tea,1,549,0.0,none,549.0,99,140,55,95,10.98,248.02,45.2,0.0,248.02,45.2,organic,none,Nagpur,False,False
ORD-2024-0170,13/10/2024,2024-W41,2024-10,CUST-0113,new,SKU-004,Original Darjeeling Chai,Chai,1,849,0.0,none,849.0,0,240,65,90,16.98,437.02,51.5,304.79,132.23,15.6,meta,CMP-MT-003,Chennai,False,False
ORD-2024-0171,13/10/2024,2024-W41,2024-10,CUST-0114,new,SKU-002,Second Flush Darjeeling,Second Flush,1,650,0.0,none,650.0,99,160,55,106,13.0,316.0,48.6,235.93,80.07,12.3,meta,CMP-MT-001,Nagpur,False,False
ORD-2024-0172,14/10/2024,2024-W42,2024-10,CUST-0115,new,SKU-010,Selim Hill Gift Box Premium,Gift Box,1,1999,0.0,none,1999.0,0,420,180,130,39.98,1229.02,61.5,487.18,741.84,37.1,meta,CMP-MT-003,Kochi,False,True
ORD-2024-0173,15/10/2024,2024-W42,2024-10,CUST-0116,new,SKU-007,Darjeeling Pyramid Teabags,Pyramid Teabags,1,350,0.0,none,350.0,99,90,50,85,7.0,118.0,33.7,0.0,118.0,33.7,organic,none,Ahmedabad,False,False
ORD-2024-0174,15/10/2024,2024-W42,2024-10,CUST-0117,new,SKU-004,Original Darjeeling Chai,Chai,1,849,0.0,none,849.0,0,240,65,90,16.98,437.02,51.5,0.0,437.02,51.5,direct,none,Nagpur,False,False
ORD-2024-0175,15/10/2024,2024-W42,2024-10,CUST-0118,new,SKU-004,Original Darjeeling Chai,Chai,1,849,0.0,none,849.0,0,240,65,90,16.98,437.02,51.5,349.83,87.19,10.3,google_search,CMP-GS-002,Ahmedabad,False,False
ORD-2024-0176,17/10/2024,2024-W42,2024-10,CUST-0119,new,SKU-004,Original Darjeeling Chai,Chai,1,849,0.0,none,849.0,0,240,65,90,16.98,437.02,51.5,0.0,437.02,51.5,direct,none,Lucknow,False,False
ORD-2024-0177,19/10/2024,2024-W42,2024-10,CUST-0120,new,SKU-009,Selim Hill Gift Box Classic,Gift Box,1,1299,0.0,none,1299.0,0,290,130,120,25.98,733.02,56.4,0.0,733.02,56.4,organic,none,Chennai,False,True
ORD-2024-0178,20/10/2024,2024-W42,2024-10,CUST-0121,new,SKU-004,Original Darjeeling Chai,Chai,1,849,84.9,WELCOME10,764.1,0,240,65,90,15.28,353.82,46.3,0.0,353.82,46.3,organic,none,Kolkata,False,False
ORD-2024-0179,20/10/2024,2024-W42,2024-10,CUST-0084,returning,SKU-004,Original Darjeeling Chai,Chai,1,849,0.0,none,849.0,0,240,65,90,16.98,437.02,51.5,0.0,437.02,51.5,direct,none,Delhi,False,False
ORD-2024-0180,22/10/2024,2024-W43,2024-10,CUST-0122,new,SKU-006,First Flush Green Tea,Green Tea,1,699,0.0,none,699.0,0,165,55,100,13.98,365.02,52.2,0.0,365.02,52.2,direct,none,Kochi,False,False
ORD-2024-0181,23/10/2024,2024-W43,2024-10,CUST-0123,new,SKU-003,Original Darjeeling Chai,Chai,1,399,0.0,none,399.0,99,110,55,90,7.98,136.02,34.1,0.0,136.02,34.1,organic,none,Mumbai,False,False
ORD-2024-0182,23/10/2024,2024-W43,2024-10,CUST-0124,new,SKU-003,Original Darjeeling Chai,Chai,1,399,39.9,WELCOME10,359.1,99,110,55,90,7.18,96.92,27.0,25.0,71.92,20.0,email,CMP-EM-004,Bengaluru,False,False
ORD-2024-0183,24/10/2024,2024-W43,2024-10,CUST-0099,returning,SKU-004,Original Darjeeling Chai,Chai,1,849,0.0,none,849.0,0,240,65,90,16.98,437.02,51.5,0.0,437.02,51.5,direct,none,Surat,False,False
ORD-2024-0184,24/10/2024,2024-W43,2024-10,CUST-0125,new,SKU-010,Selim Hill Gift Box Premium,Gift Box,1,1999,0.0,none,1999.0,0,420,180,130,39.98,1229.02,61.5,379.52,849.5,42.5,google_search,CMP-GS-002,Indore,False,True
ORD-2024-0185,24/10/2024,2024-W43,2024-10,CUST-0126,new,SKU-007,Darjeeling Pyramid Teabags,Pyramid Teabags,1,350,0.0,none,350.0,99,90,50,85,7.0,118.0,33.7,342.33,-224.33,-64.1,google_search,CMP-GS-003,Pune,False,False
ORD-2024-0186,25/10/2024,2024-W43,2024-10,CUST-0127,new,SKU-007,Darjeeling Pyramid Teabags,Pyramid Teabags,1,350,0.0,none,350.0,99,90,50,85,7.0,118.0,33.7,0.0,118.0,33.7,direct,none,Pune,False,False
ORD-2024-0187,25/10/2024,2024-W43,2024-10,CUST-0128,new,SKU-007,Darjeeling Pyramid Teabags,Pyramid Teabags,1,350,0.0,none,350.0,99,90,50,85,7.0,118.0,33.7,323.0,-205.0,-58.6,meta,CMP-MT-001,Chandigarh,False,False
ORD-2024-0188,26/10/2024,2024-W43,2024-10,CUST-0098,returning,SKU-004,Original Darjeeling Chai,Chai,1,849,0.0,none,849.0,0,240,65,90,16.98,437.02,51.5,21.03,415.99,49.0,email,CMP-EM-002,Bengaluru,False,False
ORD-2024-0189,26/10/2024,2024-W43,2024-10,CUST-0129,new,SKU-010,Selim Hill Gift Box Premium,Gift Box,1,1999,0.0,none,1999.0,0,420,180,130,39.98,1229.02,61.5,0.0,1229.02,61.5,direct,none,Jaipur,False,True
ORD-2024-0190,26/10/2024,2024-W43,2024-10,CUST-0130,new,SKU-004,Original Darjeeling Chai,Chai,1,849,0.0,none,849.0,0,240,65,90,16.98,437.02,51.5,363.15,73.87,8.7,google_search,CMP-GS-001,Chennai,False,False
ORD-2024-0191,27/10/2024,2024-W43,2024-10,CUST-0131,new,SKU-007,Darjeeling Pyramid Teabags,Pyramid Teabags,1,350,0.0,none,350.0,99,90,50,85,7.0,118.0,33.7,376.01,-258.01,-73.7,google_search,CMP-GS-002,Surat,False,False
ORD-2024-0192,27/10/2024,2024-W43,2024-10,CUST-0132,new,SKU-009,Selim Hill Gift Box Classic,Gift Box,1,1299,0.0,none,1299.0,0,290,130,120,25.98,733.02,56.4,286.02,447.0,34.4,meta,CMP-MT-002,Delhi,False,True
ORD-2024-0193,28/10/2024,2024-W44,2024-10,CUST-0133,new,SKU-006,First Flush Green Tea,Green Tea,1,699,0.0,none,699.0,0,165,55,100,13.98,365.02,52.2,0.0,365.02,52.2,direct,none,Bengaluru,False,False
ORD-2024-0194,29/10/2024,2024-W44,2024-10,CUST-0121,returning,SKU-003,Original Darjeeling Chai,Chai,1,399,0.0,none,399.0,99,110,55,90,7.98,136.02,34.1,0.0,136.02,34.1,organic,none,Ahmedabad,False,False
ORD-2024-0195,29/10/2024,2024-W44,2024-10,CUST-0134,new,SKU-001,First Flush Darjeeling,First Flush,1,750,0.0,none,750.0,0,180,55,106,15.0,394.0,52.5,311.71,82.29,11.0,google_search,CMP-GS-002,Kochi,False,False
ORD-2024-0196,30/10/2024,2024-W44,2024-10,CUST-0135,new,SKU-003,Original Darjeeling Chai,Chai,1,399,0.0,none,399.0,99,110,55,90,7.98,136.02,34.1,289.71,-153.69,-38.5,google_search,CMP-GS-005,Delhi,False,False
ORD-2024-0197,31/10/2024,2024-W44,2024-10,CUST-0136,new,SKU-004,Original Darjeeling Chai,Chai,1,849,0.0,none,849.0,0,240,65,90,16.98,437.02,51.5,0.0,437.02,51.5,organic,none,Kochi,False,False
ORD-2024-0198,01/11/2024,2024-W44,2024-11,CUST-0137,new,SKU-004,Original Darjeeling Chai,Chai,1,849,84.9,WELCOME10,764.1,0,240,65,90,15.28,353.82,46.3,0.0,353.82,46.3,organic,none,Kolkata,False,False
ORD-2024-0199,01/11/2024,2024-W44,2024-11,CUST-0135,returning,SKU-007,Darjeeling Pyramid Teabags,Pyramid Teabags,1,350,0.0,none,350.0,99,90,50,85,7.0,118.0,33.7,0.0,118.0,33.7,direct,none,Mumbai,False,False
ORD-2024-0200,02/11/2024,2024-W44,2024-11,CUST-0138,new,SKU-006,First Flush Green Tea,Green Tea,1,699,0.0,none,699.0,0,165,55,100,13.98,365.02,52.2,12.14,352.88,50.5,email,CMP-EM-003,Delhi,False,False
ORD-2024-0201,02/11/2024,2024-W44,2024-11,CUST-0139,new,SKU-006,First Flush Green Tea,Green Tea,1,699,0.0,none,699.0,0,165,55,100,13.98,365.02,52.2,0.0,365.02,52.2,direct,none,Kochi,False,False
ORD-2024-0202,03/11/2024,2024-W44,2024-11,CUST-0140,new,SKU-006,First Flush Green Tea,Green Tea,1,699,0.0,none,699.0,0,165,55,100,13.98,365.02,52.2,0.0,365.02,52.2,direct,none,Lucknow,False,False
ORD-2024-0203,03/11/2024,2024-W44,2024-11,CUST-0141,new,SKU-006,First Flush Green Tea,Green Tea,1,699,0.0,none,699.0,0,165,55,100,13.98,365.02,52.2,0.0,365.02,52.2,direct,none,Delhi,False,False
ORD-2024-0204,04/11/2024,2024-W45,2024-11,CUST-0142,new,SKU-002,Second Flush Darjeeling,Second Flush,1,650,0.0,none,650.0,99,160,55,106,13.0,316.0,48.6,392.59,-76.59,-11.8,google_search,CMP-GS-002,Kolkata,False,False
ORD-2024-0205,05/11/2024,2024-W45,2024-11,CUST-0143,new,SKU-003,Original Darjeeling Chai,Chai,1,399,0.0,none,399.0,99,110,55,90,7.98,136.02,34.1,0.0,136.02,34.1,direct,none,Pune,False,False
ORD-2024-0206,05/11/2024,2024-W45,2024-11,CUST-0013,returning,SKU-003,Original Darjeeling Chai,Chai,1,399,0.0,none,399.0,99,110,55,90,7.98,136.02,34.1,19.87,116.15,29.1,email,CMP-EM-004,Surat,False,False
ORD-2024-0207,06/11/2024,2024-W45,2024-11,CUST-0144,new,SKU-003,Original Darjeeling Chai,Chai,1,399,0.0,none,399.0,99,110,55,90,7.98,136.02,34.1,0.0,136.02,34.1,organic,none,Indore,False,False
ORD-2024-0208,08/11/2024,2024-W45,2024-11,CUST-0145,new,SKU-009,Selim Hill Gift Box Classic,Gift Box,1,1299,0.0,none,1299.0,0,290,130,120,25.98,733.02,56.4,0.0,733.02,56.4,organic,none,Delhi,False,True
ORD-2024-0209,09/11/2024,2024-W45,2024-11,CUST-0146,new,SKU-003,Original Darjeeling Chai,Chai,1,399,0.0,none,399.0,99,110,55,90,7.98,136.02,34.1,231.86,-95.84,-24.0,meta,CMP-MT-002,Nagpur,False,False
ORD-2024-0210,10/11/2024,2024-W45,2024-11,CUST-0147,new,SKU-004,Original Darjeeling Chai,Chai,1,849,0.0,none,849.0,0,240,65,90,16.98,437.02,51.5,0.0,437.02,51.5,organic,none,Mumbai,False,False
ORD-2024-0211,10/11/2024,2024-W45,2024-11,CUST-0104,returning,SKU-007,Darjeeling Pyramid Teabags,Pyramid Teabags,1,350,0.0,none,350.0,99,90,50,85,7.0,118.0,33.7,0.0,118.0,33.7,direct,none,Mumbai,False,False
ORD-2024-0212,11/11/2024,2024-W46,2024-11,CUST-0148,new,SKU-009,Selim Hill Gift Box Classic,Gift Box,1,1299,0.0,none,1299.0,0,290,130,120,25.98,733.02,56.4,266.92,466.1,35.9,google_search,CMP-GS-003,Chandigarh,False,True
ORD-2024-0213,11/11/2024,2024-W46,2024-11,CUST-0040,returning,SKU-011,Tea Club Darjeeling Black Monthly,Subscription,1,649,0.0,none,649.0,99,155,55,90,12.98,336.02,51.8,16.48,319.54,49.2,email,CMP-EM-001,Jaipur,False,False
ORD-2024-0214,12/11/2024,2024-W46,2024-11,CUST-0149,new,SKU-003,Original Darjeeling Chai,Chai,1,399,0.0,none,399.0,99,110,55,90,7.98,136.02,34.1,14.98,121.04,30.3,email,CMP-EM-001,Hyderabad,False,False
ORD-2024-0215,12/11/2024,2024-W46,2024-11,CUST-0150,new,SKU-010,Selim Hill Gift Box Premium,Gift Box,1,1999,0.0,none,1999.0,0,420,180,130,39.98,1229.02,61.5,0.0,1229.02,61.5,direct,none,Pune,False,True
ORD-2024-0216,13/11/2024,2024-W46,2024-11,CUST-0151,new,SKU-003,Original Darjeeling Chai,Chai,1,399,0.0,none,399.0,99,110,55,90,7.98,136.02,34.1,0.0,136.02,34.1,direct,none,Ahmedabad,False,False
ORD-2024-0217,13/11/2024,2024-W46,2024-11,CUST-0114,returning,SKU-007,Darjeeling Pyramid Teabags,Pyramid Teabags,1,350,0.0,none,350.0,99,90,50,85,7.0,118.0,33.7,340.28,-222.28,-63.5,google_search,CMP-GS-003,Kochi,False,False
ORD-2024-0218,14/11/2024,2024-W46,2024-11,CUST-0139,returning,SKU-003,Original Darjeeling Chai,Chai,1,399,0.0,none,399.0,99,110,55,90,7.98,136.02,34.1,23.55,112.47,28.2,email,CMP-EM-006,Lucknow,False,False
ORD-2024-0219,15/11/2024,2024-W46,2024-11,CUST-0052,returning,SKU-003,Original Darjeeling Chai,Chai,1,399,0.0,none,399.0,99,110,55,90,7.98,136.02,34.1,0.0,136.02,34.1,direct,none,Kolkata,False,False
ORD-2024-0220,16/11/2024,2024-W46,2024-11,CUST-0152,new,SKU-007,Darjeeling Pyramid Teabags,Pyramid Teabags,1,350,0.0,none,350.0,99,90,50,85,7.0,118.0,33.7,0.0,118.0,33.7,organic,none,Delhi,False,False
ORD-2024-0221,16/11/2024,2024-W46,2024-11,CUST-0102,returning,SKU-006,First Flush Green Tea,Green Tea,1,699,0.0,none,699.0,0,165,55,100,13.98,365.02,52.2,0.0,365.02,52.2,direct,none,Indore,False,False
ORD-2024-0222,17/11/2024,2024-W46,2024-11,CUST-0082,returning,SKU-005,Darjeeling Green Tea,Green Tea,1,549,0.0,none,549.0,99,140,55,95,10.98,248.02,45.2,17.8,230.22,41.9,email,CMP-EM-005,Bengaluru,False,False
ORD-2024-0223,18/11/2024,2024-W47,2024-11,CUST-0153,new,SKU-009,Selim Hill Gift Box Classic,Gift Box,1,1299,0.0,none,1299.0,0,290,130,120,25.98,733.02,56.4,0.0,733.02,56.4,direct,none,Jaipur,False,True
ORD-2024-0224,18/11/2024,2024-W47,2024-11,CUST-0043,returning,SKU-011,Tea Club Darjeeling Black Monthly,Subscription,1,649,0.0,none,649.0,99,155,55,90,12.98,336.02,51.8,22.9,313.12,48.2,email,CMP-EM-005,Nagpur,True,False
ORD-2024-0225,19/11/2024,2024-W47,2024-11,CUST-0154,new,SKU-006,First Flush Green Tea,Green Tea,1,699,69.9,WELCOME10,629.1,99,165,55,100,12.58,296.52,47.1,0.0,296.52,47.1,organic,none,Lucknow,False,False
ORD-2024-0226,19/11/2024,2024-W47,2024-11,CUST-0149,returning,SKU-010,Selim Hill Gift Box Premium,Gift Box,1,1999,0.0,none,1999.0,0,420,180,130,39.98,1229.02,61.5,0.0,1229.02,61.5,organic,none,Chandigarh,False,True
ORD-2024-0227,20/11/2024,2024-W47,2024-11,CUST-0008,returning,SKU-012,Tea Club Darjeeling Green Monthly,Subscription,1,699,0.0,none,699.0,0,155,55,90,13.98,385.02,55.1,0.0,385.02,55.1,direct,none,Indore,True,False
ORD-2024-0228,22/11/2024,2024-W47,2024-11,CUST-0140,returning,SKU-011,Tea Club Darjeeling Black Monthly,Subscription,1,649,0.0,none,649.0,99,155,55,90,12.98,336.02,51.8,0.0,336.02,51.8,direct,none,Indore,False,False
ORD-2024-0229,23/11/2024,2024-W47,2024-11,CUST-0155,new,SKU-003,Original Darjeeling Chai,Chai,1,399,0.0,none,399.0,99,110,55,90,7.98,136.02,34.1,277.13,-141.11,-35.4,meta,CMP-MT-002,Chandigarh,False,False
ORD-2024-0230,23/11/2024,2024-W47,2024-11,CUST-0082,returning,SKU-012,Tea Club Darjeeling Green Monthly,Subscription,1,699,0.0,none,699.0,0,155,55,90,13.98,385.02,55.1,15.3,369.72,52.9,email,CMP-EM-003,Delhi,False,False
ORD-2024-0231,24/11/2024,2024-W47,2024-11,CUST-0120,returning,SKU-010,Selim Hill Gift Box Premium,Gift Box,1,1999,0.0,none,1999.0,0,420,180,130,39.98,1229.02,61.5,6.01,1223.01,61.2,email,CMP-EM-001,Hyderabad,False,True
ORD-2024-0232,25/11/2024,2024-W48,2024-11,CUST-0156,new,SKU-007,Darjeeling Pyramid Teabags,Pyramid Teabags,1,350,0.0,none,350.0,99,90,50,85,7.0,118.0,33.7,20.26,97.74,27.9,email,CMP-EM-006,Ahmedabad,False,False
ORD-2024-0233,25/11/2024,2024-W48,2024-11,CUST-0157,new,SKU-008,Cold Brew Darjeeling,Cold Brew,1,499,0.0,none,499.0,99,130,55,95,9.98,209.02,41.9,484.67,-275.65,-55.2,meta,CMP-MT-001,Jaipur,False,False
ORD-2024-0234,27/11/2024,2024-W48,2024-11,CUST-0158,new,SKU-010,Selim Hill Gift Box Premium,Gift Box,1,1999,0.0,none,1999.0,0,420,180,130,39.98,1229.02,61.5,408.31,820.71,41.1,meta,CMP-MT-003,Chennai,False,True
ORD-2024-0235,28/11/2024,2024-W48,2024-11,CUST-0159,new,SKU-004,Original Darjeeling Chai,Chai,1,849,0.0,none,849.0,0,240,65,90,16.98,437.02,51.5,13.07,423.95,49.9,email,CMP-EM-006,Mumbai,False,False
ORD-2024-0236,30/11/2024,2024-W48,2024-11,CUST-0142,returning,SKU-004,Original Darjeeling Chai,Chai,1,849,0.0,none,849.0,0,240,65,90,16.98,437.02,51.5,0.0,437.02,51.5,direct,none,Jaipur,False,False
ORD-2024-0237,30/11/2024,2024-W48,2024-11,CUST-0157,returning,SKU-009,Selim Hill Gift Box Classic,Gift Box,1,1299,0.0,none,1299.0,0,290,130,120,25.98,733.02,56.4,16.16,716.86,55.2,email,CMP-EM-003,Kolkata,False,True
ORD-2024-0238,01/12/2024,2024-W48,2024-12,CUST-0160,new,SKU-002,Second Flush Darjeeling,Second Flush,1,650,0.0,none,650.0,99,160,55,106,13.0,316.0,48.6,372.95,-56.95,-8.8,google_search,CMP-GS-003,Jaipur,False,False
ORD-2024-0239,01/12/2024,2024-W48,2024-12,CUST-0161,new,SKU-004,Original Darjeeling Chai,Chai,1,849,0.0,none,849.0,0,240,65,90,16.98,437.02,51.5,256.45,180.57,21.3,google_search,CMP-GS-005,Hyderabad,False,False
ORD-2024-0240,02/12/2024,2024-W49,2024-12,CUST-0162,new,SKU-003,Original Darjeeling Chai,Chai,1,399,0.0,none,399.0,99,110,55,90,7.98,136.02,34.1,307.76,-171.74,-43.0,google_search,CMP-GS-005,Kochi,False,False
ORD-2024-0241,04/12/2024,2024-W49,2024-12,CUST-0085,returning,SKU-004,Original Darjeeling Chai,Chai,1,849,0.0,none,849.0,0,240,65,90,16.98,437.02,51.5,0.0,437.02,51.5,organic,none,Kochi,False,False
ORD-2024-0242,05/12/2024,2024-W49,2024-12,CUST-0163,new,SKU-005,Darjeeling Green Tea,Green Tea,1,549,0.0,none,549.0,99,140,55,95,10.98,248.02,45.2,19.43,228.59,41.6,email,CMP-EM-005,Chandigarh,False,False
ORD-2024-0243,05/12/2024,2024-W49,2024-12,CUST-0164,new,SKU-006,First Flush Green Tea,Green Tea,1,699,0.0,none,699.0,0,165,55,100,13.98,365.02,52.2,0.0,365.02,52.2,direct,none,Hyderabad,False,False
ORD-2024-0244,07/12/2024,2024-W49,2024-12,CUST-0029,returning,SKU-004,Original Darjeeling Chai,Chai,1,849,0.0,none,849.0,0,240,65,90,16.98,437.02,51.5,13.21,423.81,49.9,email,CMP-EM-002,Indore,False,False
ORD-2024-0245,07/12/2024,2024-W49,2024-12,CUST-0165,new,SKU-007,Darjeeling Pyramid Teabags,Pyramid Teabags,1,350,0.0,none,350.0,99,90,50,85,7.0,118.0,33.7,0.0,118.0,33.7,direct,none,Kochi,False,False
ORD-2024-0246,08/12/2024,2024-W49,2024-12,CUST-0054,returning,SKU-004,Original Darjeeling Chai,Chai,1,849,0.0,none,849.0,0,240,65,90,16.98,437.02,51.5,14.19,422.83,49.8,email,CMP-EM-002,Jaipur,False,False
ORD-2024-0247,08/12/2024,2024-W49,2024-12,CUST-0166,new,SKU-007,Darjeeling Pyramid Teabags,Pyramid Teabags,1,350,0.0,none,350.0,99,90,50,85,7.0,118.0,33.7,0.0,118.0,33.7,direct,none,Lucknow,False,False
ORD-2024-0248,08/12/2024,2024-W49,2024-12,CUST-0167,new,SKU-004,Original Darjeeling Chai,Chai,1,849,0.0,none,849.0,0,240,65,90,16.98,437.02,51.5,9.5,427.52,50.4,email,CMP-EM-003,Chennai,False,False
ORD-2024-0249,09/12/2024,2024-W50,2024-12,CUST-0168,new,SKU-004,Original Darjeeling Chai,Chai,1,849,0.0,none,849.0,0,240,65,90,16.98,437.02,51.5,0.0,437.02,51.5,organic,none,Kochi,False,False
ORD-2024-0250,11/12/2024,2024-W50,2024-12,CUST-0169,new,SKU-012,Tea Club Darjeeling Green Monthly,Subscription,1,699,0.0,none,699.0,0,155,55,90,13.98,385.02,55.1,0.0,385.02,55.1,direct,none,Indore,False,False
ORD-2024-0251,12/12/2024,2024-W50,2024-12,CUST-0170,new,SKU-003,Original Darjeeling Chai,Chai,1,399,0.0,none,399.0,99,110,55,90,7.98,136.02,34.1,0.0,136.02,34.1,direct,none,Kolkata,False,False
ORD-2024-0252,12/12/2024,2024-W50,2024-12,CUST-0171,new,SKU-007,Darjeeling Pyramid Teabags,Pyramid Teabags,1,350,0.0,none,350.0,99,90,50,85,7.0,118.0,33.7,245.07,-127.07,-36.3,google_search,CMP-GS-005,Jaipur,False,False
ORD-2024-0253,13/12/2024,2024-W50,2024-12,CUST-0172,new,SKU-003,Original Darjeeling Chai,Chai,1,399,0.0,none,399.0,99,110,55,90,7.98,136.02,34.1,0.0,136.02,34.1,organic,none,Lucknow,False,False
ORD-2024-0254,14/12/2024,2024-W50,2024-12,CUST-0026,returning,SKU-003,Original Darjeeling Chai,Chai,1,399,0.0,none,399.0,99,110,55,90,7.98,136.02,34.1,0.0,136.02,34.1,organic,none,Mumbai,False,False
ORD-2024-0255,15/12/2024,2024-W50,2024-12,CUST-0168,returning,SKU-008,Cold Brew Darjeeling,Cold Brew,1,499,0.0,none,499.0,99,130,55,95,9.98,209.02,41.9,0.0,209.02,41.9,direct,none,Pune,False,False
ORD-2024-0256,15/12/2024,2024-W50,2024-12,CUST-0173,new,SKU-003,Original Darjeeling Chai,Chai,1,399,0.0,none,399.0,99,110,55,90,7.98,136.02,34.1,336.55,-200.53,-50.3,google_search,CMP-GS-001,Pune,False,False
ORD-2024-0257,15/12/2024,2024-W50,2024-12,CUST-0174,new,SKU-011,Tea Club Darjeeling Black Monthly,Subscription,1,649,0.0,none,649.0,99,155,55,90,12.98,336.02,51.8,21.75,314.27,48.4,email,CMP-EM-002,Surat,False,False
ORD-2024-0258,15/12/2024,2024-W50,2024-12,CUST-0175,new,SKU-004,Original Darjeeling Chai,Chai,1,849,0.0,none,849.0,0,240,65,90,16.98,437.02,51.5,489.4,-52.38,-6.2,meta,CMP-MT-003,Surat,False,False
ORD-2024-0259,16/12/2024,2024-W51,2024-12,CUST-0010,returning,SKU-011,Tea Club Darjeeling Black Monthly,Subscription,1,649,0.0,none,649.0,99,155,55,90,12.98,336.02,51.8,248.29,87.73,13.5,google_search,CMP-GS-003,Lucknow,True,False
ORD-2024-0260,18/12/2024,2024-W51,2024-12,CUST-0176,new,SKU-004,Original Darjeeling Chai,Chai,1,849,0.0,none,849.0,0,240,65,90,16.98,437.02,51.5,259.36,177.66,20.9,google_search,CMP-GS-001,Kochi,False,False
ORD-2024-0261,19/12/2024,2024-W51,2024-12,CUST-0087,returning,SKU-006,First Flush Green Tea,Green Tea,1,699,0.0,none,699.0,0,165,55,100,13.98,365.02,52.2,22.94,342.08,48.9,email,CMP-EM-006,Nagpur,False,False
ORD-2024-0262,20/12/2024,2024-W51,2024-12,CUST-0177,new,SKU-004,Original Darjeeling Chai,Chai,1,849,0.0,none,849.0,0,240,65,90,16.98,437.02,51.5,294.59,142.43,16.8,google_search,CMP-GS-002,Surat,False,False
ORD-2024-0263,21/12/2024,2024-W51,2024-12,CUST-0069,returning,SKU-003,Original Darjeeling Chai,Chai,1,399,0.0,none,399.0,99,110,55,90,7.98,136.02,34.1,0.0,136.02,34.1,organic,none,Mumbai,False,False
ORD-2024-0264,21/12/2024,2024-W51,2024-12,CUST-0093,returning,SKU-002,Second Flush Darjeeling,Second Flush,1,650,0.0,none,650.0,99,160,55,106,13.0,316.0,48.6,8.19,307.81,47.4,email,CMP-EM-003,Lucknow,False,False
ORD-2024-0265,22/12/2024,2024-W51,2024-12,CUST-0178,new,SKU-006,First Flush Green Tea,Green Tea,1,699,0.0,none,699.0,0,165,55,100,13.98,365.02,52.2,333.29,31.73,4.5,google_search,CMP-GS-001,Chennai,False,False
ORD-2024-0266,22/12/2024,2024-W51,2024-12,CUST-0179,new,SKU-012,Tea Club Darjeeling Green Monthly,Subscription,1,699,0.0,none,699.0,0,155,55,90,13.98,385.02,55.1,429.37,-44.35,-6.3,meta,CMP-MT-002,Chandigarh,False,False
ORD-2024-0267,24/12/2024,2024-W52,2024-12,CUST-0180,new,SKU-007,Darjeeling Pyramid Teabags,Pyramid Teabags,1,350,0.0,none,350.0,99,90,50,85,7.0,118.0,33.7,0.0,118.0,33.7,direct,none,Indore,False,False
ORD-2024-0268,24/12/2024,2024-W52,2024-12,CUST-0153,returning,SKU-002,Second Flush Darjeeling,Second Flush,1,650,0.0,none,650.0,99,160,55,106,13.0,316.0,48.6,12.24,303.76,46.7,email,CMP-EM-006,Surat,False,False
ORD-2024-0269,25/12/2024,2024-W52,2024-12,CUST-0181,new,SKU-005,Darjeeling Green Tea,Green Tea,1,549,0.0,none,549.0,99,140,55,95,10.98,248.02,45.2,385.08,-137.06,-25.0,google_search,CMP-GS-003,Ahmedabad,False,False
ORD-2024-0270,26/12/2024,2024-W52,2024-12,CUST-0053,returning,SKU-004,Original Darjeeling Chai,Chai,1,849,0.0,none,849.0,0,240,65,90,16.98,437.02,51.5,0.0,437.02,51.5,organic,none,Ahmedabad,False,False
ORD-2024-0271,27/12/2024,2024-W52,2024-12,CUST-0182,new,SKU-002,Second Flush Darjeeling,Second Flush,1,650,0.0,none,650.0,99,160,55,106,13.0,316.0,48.6,422.52,-106.52,-16.4,meta,CMP-MT-002,Hyderabad,False,False
ORD-2024-0272,27/12/2024,2024-W52,2024-12,CUST-0001,returning,SKU-002,Second Flush Darjeeling,Second Flush,1,650,0.0,none,650.0,99,160,55,106,13.0,316.0,48.6,15.82,300.18,46.2,email,CMP-EM-001,Mumbai,False,False
ORD-2024-0273,28/12/2024,2024-W52,2024-12,CUST-0183,new,SKU-010,Selim Hill Gift Box Premium,Gift Box,1,1999,0.0,none,1999.0,0,420,180,130,39.98,1229.02,61.5,223.2,1005.82,50.3,google_search,CMP-GS-004,Bengaluru,False,True
ORD-2024-0274,29/12/2024,2024-W52,2024-12,CUST-0184,new,SKU-012,Tea Club Darjeeling Green Monthly,Subscription,1,699,0.0,none,699.0,0,155,55,90,13.98,385.02,55.1,325.18,59.84,8.6,meta,CMP-MT-002,Lucknow,False,False
ORD-2024-0275,29/12/2024,2024-W52,2024-12,CUST-0185,new,SKU-003,Original Darjeeling Chai,Chai,1,399,0.0,none,399.0,99,110,55,90,7.98,136.02,34.1,0.0,136.02,34.1,direct,none,Delhi,False,False
ORD-2024-0276,31/12/2024,2025-W01,2024-12,CUST-0186,new,SKU-003,Original Darjeeling Chai,Chai,1,399,0.0,none,399.0,99,110,55,90,7.98,136.02,34.1,414.84,-278.82,-69.9,google_search,CMP-GS-001,Ahmedabad,False,False
ORD-2024-0277,31/12/2024,2025-W01,2024-12,CUST-0187,new,SKU-004,Original Darjeeling Chai,Chai,1,849,0.0,none,849.0,0,240,65,90,16.98,437.02,51.5,0.0,437.02,51.5,direct,none,Pune,False,False
ORD-2025-0278,01/01/2025,2025-W01,2025-01,CUST-0188,new,SKU-003,Original Darjeeling Chai,Chai,1,399,0.0,none,399.0,99,110,55,90,7.98,136.02,34.1,0.0,136.02,34.1,direct,none,Indore,False,False
ORD-2025-0279,01/01/2025,2025-W01,2025-01,CUST-0170,returning,SKU-006,First Flush Green Tea,Green Tea,1,699,0.0,none,699.0,0,165,55,100,13.98,365.02,52.2,0.0,365.02,52.2,organic,none,Mumbai,False,False
ORD-2025-0280,02/01/2025,2025-W01,2025-01,CUST-0189,new,SKU-006,First Flush Green Tea,Green Tea,1,699,0.0,none,699.0,0,165,55,100,13.98,365.02,52.2,0.0,365.02,52.2,direct,none,Pune,False,False
ORD-2025-0281,03/01/2025,2025-W01,2025-01,CUST-0190,new,SKU-003,Original Darjeeling Chai,Chai,1,399,0.0,none,399.0,99,110,55,90,7.98,136.02,34.1,213.63,-77.61,-19.5,google_search,CMP-GS-001,Chennai,False,False
ORD-2025-0282,04/01/2025,2025-W01,2025-01,CUST-0191,new,SKU-007,Darjeeling Pyramid Teabags,Pyramid Teabags,1,350,0.0,none,350.0,99,90,50,85,7.0,118.0,33.7,0.0,118.0,33.7,direct,none,Pune,False,False
ORD-2025-0283,05/01/2025,2025-W01,2025-01,CUST-0037,returning,SKU-004,Original Darjeeling Chai,Chai,1,849,0.0,none,849.0,0,240,65,90,16.98,437.02,51.5,6.22,430.8,50.7,email,CMP-EM-003,Chandigarh,False,False
ORD-2025-0284,05/01/2025,2025-W01,2025-01,CUST-0192,new,SKU-005,Darjeeling Green Tea,Green Tea,1,549,0.0,none,549.0,99,140,55,95,10.98,248.02,45.2,233.13,14.89,2.7,meta,CMP-MT-002,Kolkata,False,False
ORD-2025-0285,05/01/2025,2025-W01,2025-01,CUST-0193,new,SKU-007,Darjeeling Pyramid Teabags,Pyramid Teabags,1,350,0.0,none,350.0,99,90,50,85,7.0,118.0,33.7,277.98,-159.98,-45.7,google_search,CMP-GS-004,Chennai,False,False
ORD-2025-0286,07/01/2025,2025-W02,2025-01,CUST-0194,new,SKU-003,Original Darjeeling Chai,Chai,1,399,0.0,none,399.0,99,110,55,90,7.98,136.02,34.1,0.0,136.02,34.1,direct,none,Indore,False,False
ORD-2025-0287,07/01/2025,2025-W02,2025-01,CUST-0195,new,SKU-010,Selim Hill Gift Box Premium,Gift Box,1,1999,0.0,none,1999.0,0,420,180,130,39.98,1229.02,61.5,12.77,1216.25,60.8,email,CMP-EM-005,Chennai,False,True
ORD-2025-0288,08/01/2025,2025-W02,2025-01,CUST-0196,new,SKU-003,Original Darjeeling Chai,Chai,1,399,0.0,none,399.0,99,110,55,90,7.98,136.02,34.1,0.0,136.02,34.1,direct,none,Pune,False,False
ORD-2025-0289,09/01/2025,2025-W02,2025-01,CUST-0097,returning,SKU-004,Original Darjeeling Chai,Chai,1,849,0.0,none,849.0,0,240,65,90,16.98,437.02,51.5,0.0,437.02,51.5,organic,none,Pune,False,False
ORD-2025-0290,09/01/2025,2025-W02,2025-01,CUST-0197,new,SKU-006,First Flush Green Tea,Green Tea,1,699,0.0,none,699.0,0,165,55,100,13.98,365.02,52.2,388.67,-23.65,-3.4,google_search,CMP-GS-002,Kolkata,False,False
ORD-2025-0291,11/01/2025,2025-W02,2025-01,CUST-0049,returning,SKU-003,Original Darjeeling Chai,Chai,1,399,0.0,none,399.0,99,110,55,90,7.98,136.02,34.1,399.47,-263.45,-66.0,google_search,CMP-GS-004,Kochi,False,False
ORD-2025-0292,11/01/2025,2025-W02,2025-01,CUST-0198,new,SKU-011,Tea Club Darjeeling Black Monthly,Subscription,1,649,0.0,none,649.0,99,155,55,90,12.98,336.02,51.8,0.0,336.02,51.8,organic,none,Hyderabad,False,False
ORD-2025-0293,11/01/2025,2025-W02,2025-01,CUST-0199,new,SKU-003,Original Darjeeling Chai,Chai,1,399,0.0,none,399.0,99,110,55,90,7.98,136.02,34.1,350.48,-214.46,-53.7,meta,CMP-MT-002,Indore,False,False
ORD-2025-0294,12/01/2025,2025-W02,2025-01,CUST-0200,new,SKU-004,Original Darjeeling Chai,Chai,1,849,0.0,none,849.0,0,240,65,90,16.98,437.02,51.5,461.94,-24.92,-2.9,meta,CMP-MT-003,Kochi,False,False
ORD-2025-0295,12/01/2025,2025-W02,2025-01,CUST-0067,returning,SKU-004,Original Darjeeling Chai,Chai,1,849,0.0,none,849.0,0,240,65,90,16.98,437.02,51.5,0.0,437.02,51.5,organic,none,Chennai,False,False
ORD-2025-0296,13/01/2025,2025-W03,2025-01,CUST-0085,returning,SKU-003,Original Darjeeling Chai,Chai,1,399,0.0,none,399.0,99,110,55,90,7.98,136.02,34.1,0.0,136.02,34.1,direct,none,Lucknow,False,False
ORD-2025-0297,15/01/2025,2025-W03,2025-01,CUST-0201,new,SKU-006,First Flush Green Tea,Green Tea,1,699,0.0,none,699.0,0,165,55,100,13.98,365.02,52.2,442.59,-77.57,-11.1,meta,CMP-MT-003,Bengaluru,False,False
ORD-2025-0298,15/01/2025,2025-W03,2025-01,CUST-0140,returning,SKU-004,Original Darjeeling Chai,Chai,1,849,0.0,none,849.0,0,240,65,90,16.98,437.02,51.5,0.0,437.02,51.5,direct,none,Mumbai,False,False
ORD-2025-0299,17/01/2025,2025-W03,2025-01,CUST-0172,returning,SKU-009,Selim Hill Gift Box Classic,Gift Box,1,1299,0.0,none,1299.0,0,290,130,120,25.98,733.02,56.4,9.63,723.39,55.7,email,CMP-EM-006,Kochi,False,True
ORD-2025-0300,18/01/2025,2025-W03,2025-01,CUST-0202,new,SKU-005,Darjeeling Green Tea,Green Tea,1,549,0.0,none,549.0,99,140,55,95,10.98,248.02,45.2,5.31,242.71,44.2,email,CMP-EM-004,Jaipur,False,False
ORD-2025-0301,18/01/2025,2025-W03,2025-01,CUST-0203,new,SKU-010,Selim Hill Gift Box Premium,Gift Box,1,1999,0.0,none,1999.0,0,420,180,130,39.98,1229.02,61.5,0.0,1229.02,61.5,organic,none,Jaipur,False,True
ORD-2025-0302,19/01/2025,2025-W03,2025-01,CUST-0204,new,SKU-007,Darjeeling Pyramid Teabags,Pyramid Teabags,1,350,0.0,none,350.0,99,90,50,85,7.0,118.0,33.7,15.49,102.51,29.3,email,CMP-EM-001,Pune,False,False
ORD-2025-0303,19/01/2025,2025-W03,2025-01,CUST-0135,returning,SKU-006,First Flush Green Tea,Green Tea,1,699,0.0,none,699.0,0,165,55,100,13.98,365.02,52.2,14.18,350.84,50.2,email,CMP-EM-004,Pune,False,False
ORD-2025-0304,20/01/2025,2025-W04,2025-01,CUST-0205,new,SKU-005,Darjeeling Green Tea,Green Tea,1,549,0.0,none,549.0,99,140,55,95,10.98,248.02,45.2,0.0,248.02,45.2,direct,none,Indore,False,False
ORD-2025-0305,21/01/2025,2025-W04,2025-01,CUST-0104,returning,SKU-002,Second Flush Darjeeling,Second Flush,1,650,0.0,none,650.0,99,160,55,106,13.0,316.0,48.6,6.65,309.35,47.6,email,CMP-EM-002,Nagpur,False,False
ORD-2025-0306,23/01/2025,2025-W04,2025-01,CUST-0206,new,SKU-003,Original Darjeeling Chai,Chai,1,399,39.9,WELCOME10,359.1,99,110,55,90,7.18,96.92,27.0,0.0,96.92,27.0,organic,none,Pune,False,False
ORD-2025-0307,24/01/2025,2025-W04,2025-01,CUST-0207,new,SKU-011,Tea Club Darjeeling Black Monthly,Subscription,1,649,0.0,none,649.0,99,155,55,90,12.98,336.02,51.8,0.0,336.02,51.8,organic,none,Jaipur,False,False
ORD-2025-0308,24/01/2025,2025-W04,2025-01,CUST-0208,new,SKU-010,Selim Hill Gift Box Premium,Gift Box,1,1999,0.0,none,1999.0,0,420,180,130,39.98,1229.02,61.5,320.89,908.13,45.4,google_search,CMP-GS-002,Indore,False,True
ORD-2025-0309,26/01/2025,2025-W04,2025-01,CUST-0209,new,SKU-005,Darjeeling Green Tea,Green Tea,1,549,0.0,none,549.0,99,140,55,95,10.98,248.02,45.2,0.0,248.02,45.2,organic,none,Lucknow,False,False
ORD-2025-0310,26/01/2025,2025-W04,2025-01,CUST-0210,new,SKU-007,Darjeeling Pyramid Teabags,Pyramid Teabags,1,350,0.0,none,350.0,99,90,50,85,7.0,118.0,33.7,300.19,-182.19,-52.1,google_search,CMP-GS-001,Kolkata,False,False
ORD-2025-0311,28/01/2025,2025-W05,2025-01,CUST-0211,new,SKU-007,Darjeeling Pyramid Teabags,Pyramid Teabags,1,350,0.0,none,350.0,99,90,50,85,7.0,118.0,33.7,11.53,106.47,30.4,email,CMP-EM-004,Lucknow,False,False
ORD-2025-0312,28/01/2025,2025-W05,2025-01,CUST-0116,returning,SKU-003,Original Darjeeling Chai,Chai,1,399,0.0,none,399.0,99,110,55,90,7.98,136.02,34.1,224.58,-88.56,-22.2,google_search,CMP-GS-004,Chandigarh,False,False
ORD-2025-0313,29/01/2025,2025-W05,2025-01,CUST-0212,new,SKU-005,Darjeeling Green Tea,Green Tea,1,549,0.0,none,549.0,99,140,55,95,10.98,248.02,45.2,0.0,248.02,45.2,direct,none,Kochi,False,False
ORD-2025-0314,30/01/2025,2025-W05,2025-01,CUST-0213,new,SKU-003,Original Darjeeling Chai,Chai,1,399,0.0,none,399.0,99,110,55,90,7.98,136.02,34.1,249.83,-113.81,-28.5,meta,CMP-MT-002,Mumbai,False,False
ORD-2025-0315,31/01/2025,2025-W05,2025-01,CUST-0214,new,SKU-007,Darjeeling Pyramid Teabags,Pyramid Teabags,1,350,0.0,none,350.0,99,90,50,85,7.0,118.0,33.7,224.97,-106.97,-30.6,google_search,CMP-GS-001,Ahmedabad,False,False
ORD-2025-0316,02/02/2025,2025-W05,2025-02,CUST-0023,returning,SKU-002,Second Flush Darjeeling,Second Flush,1,650,0.0,none,650.0,99,160,55,106,13.0,316.0,48.6,0.0,316.0,48.6,direct,none,Kolkata,False,False
ORD-2025-0317,03/02/2025,2025-W06,2025-02,CUST-0215,new,SKU-006,First Flush Green Tea,Green Tea,1,699,0.0,none,699.0,0,165,55,100,13.98,365.02,52.2,0.0,365.02,52.2,organic,none,Pune,False,False
ORD-2025-0318,04/02/2025,2025-W06,2025-02,CUST-0216,new,SKU-004,Original Darjeeling Chai,Chai,1,849,0.0,none,849.0,0,240,65,90,16.98,437.02,51.5,244.42,192.6,22.7,google_search,CMP-GS-003,Bengaluru,False,False
ORD-2025-0319,05/02/2025,2025-W06,2025-02,CUST-0217,new,SKU-002,Second Flush Darjeeling,Second Flush,1,650,0.0,none,650.0,99,160,55,106,13.0,316.0,48.6,353.02,-37.02,-5.7,google_search,CMP-GS-002,Ahmedabad,False,False
ORD-2025-0320,05/02/2025,2025-W06,2025-02,CUST-0218,new,SKU-003,Original Darjeeling Chai,Chai,1,399,0.0,none,399.0,99,110,55,90,7.98,136.02,34.1,259.73,-123.71,-31.0,google_search,CMP-GS-004,Chandigarh,False,False
ORD-2025-0321,06/02/2025,2025-W06,2025-02,CUST-0219,new,SKU-004,Original Darjeeling Chai,Chai,1,849,0.0,none,849.0,0,240,65,90,16.98,437.02,51.5,492.78,-55.76,-6.6,meta,CMP-MT-003,Bengaluru,False,False
ORD-2025-0322,08/02/2025,2025-W06,2025-02,CUST-0220,new,SKU-003,Original Darjeeling Chai,Chai,1,399,0.0,none,399.0,99,110,55,90,7.98,136.02,34.1,301.61,-165.59,-41.5,meta,CMP-MT-002,Kochi,False,False
ORD-2025-0323,08/02/2025,2025-W06,2025-02,CUST-0221,new,SKU-007,Darjeeling Pyramid Teabags,Pyramid Teabags,1,350,0.0,none,350.0,99,90,50,85,7.0,118.0,33.7,375.96,-257.96,-73.7,google_search,CMP-GS-003,Hyderabad,False,False
ORD-2025-0324,10/02/2025,2025-W07,2025-02,CUST-0140,returning,SKU-011,Tea Club Darjeeling Black Monthly,Subscription,1,649,0.0,none,649.0,99,155,55,90,12.98,336.02,51.8,406.31,-70.29,-10.8,google_search,CMP-GS-004,Pune,True,False
ORD-2025-0325,10/02/2025,2025-W07,2025-02,CUST-0222,new,SKU-006,First Flush Green Tea,Green Tea,1,699,0.0,none,699.0,0,165,55,100,13.98,365.02,52.2,0.0,365.02,52.2,direct,none,Indore,False,False
ORD-2025-0326,11/02/2025,2025-W07,2025-02,CUST-0078,returning,SKU-005,Darjeeling Green Tea,Green Tea,1,549,0.0,none,549.0,99,140,55,95,10.98,248.02,45.2,0.0,248.02,45.2,organic,none,Indore,False,False
ORD-2025-0327,14/02/2025,2025-W07,2025-02,CUST-0223,new,SKU-004,Original Darjeeling Chai,Chai,1,849,0.0,none,849.0,0,240,65,90,16.98,437.02,51.5,5.74,431.28,50.8,email,CMP-EM-006,Kolkata,False,False
ORD-2025-0328,15/02/2025,2025-W07,2025-02,CUST-0224,new,SKU-003,Original Darjeeling Chai,Chai,1,399,0.0,none,399.0,99,110,55,90,7.98,136.02,34.1,219.92,-83.9,-21.0,google_search,CMP-GS-003,Chandigarh,False,False
ORD-2025-0329,17/02/2025,2025-W08,2025-02,CUST-0225,new,SKU-007,Darjeeling Pyramid Teabags,Pyramid Teabags,1,350,35.0,WELCOME10,315.0,99,90,50,85,6.3,83.7,26.6,6.97,76.73,24.4,email,CMP-EM-004,Pune,False,False
ORD-2025-0330,17/02/2025,2025-W08,2025-02,CUST-0226,new,SKU-005,Darjeeling Green Tea,Green Tea,1,549,0.0,none,549.0,99,140,55,95,10.98,248.02,45.2,0.0,248.02,45.2,organic,none,Hyderabad,False,False
ORD-2025-0331,17/02/2025,2025-W08,2025-02,CUST-0227,new,SKU-006,First Flush Green Tea,Green Tea,1,699,0.0,none,699.0,0,165,55,100,13.98,365.02,52.2,295.87,69.15,9.9,google_search,CMP-GS-001,Chennai,False,False
ORD-2025-0332,18/02/2025,2025-W08,2025-02,CUST-0228,new,SKU-003,Original Darjeeling Chai,Chai,1,399,0.0,none,399.0,99,110,55,90,7.98,136.02,34.1,11.86,124.16,31.1,email,CMP-EM-002,Indore,False,False
ORD-2025-0333,19/02/2025,2025-W08,2025-02,CUST-0229,new,SKU-006,First Flush Green Tea,Green Tea,1,699,0.0,none,699.0,0,165,55,100,13.98,365.02,52.2,190.72,174.3,24.9,google_search,CMP-GS-003,Kochi,False,False
ORD-2025-0334,20/02/2025,2025-W08,2025-02,CUST-0218,returning,SKU-003,Original Darjeeling Chai,Chai,1,399,0.0,none,399.0,99,110,55,90,7.98,136.02,34.1,0.0,136.02,34.1,organic,none,Surat,False,False
ORD-2025-0335,20/02/2025,2025-W08,2025-02,CUST-0230,new,SKU-003,Original Darjeeling Chai,Chai,1,399,0.0,none,399.0,99,110,55,90,7.98,136.02,34.1,282.33,-146.31,-36.7,google_search,CMP-GS-005,Ahmedabad,False,False
ORD-2025-0336,21/02/2025,2025-W08,2025-02,CUST-0164,returning,SKU-004,Original Darjeeling Chai,Chai,1,849,0.0,none,849.0,0,240,65,90,16.98,437.02,51.5,0.0,437.02,51.5,organic,none,Surat,False,False
ORD-2025-0337,22/02/2025,2025-W08,2025-02,CUST-0152,returning,SKU-001,First Flush Darjeeling,First Flush,1,750,0.0,none,750.0,0,180,55,106,15.0,394.0,52.5,20.05,373.95,49.9,email,CMP-EM-003,Indore,False,False
ORD-2025-0338,22/02/2025,2025-W08,2025-02,CUST-0231,new,SKU-007,Darjeeling Pyramid Teabags,Pyramid Teabags,1,350,0.0,none,350.0,99,90,50,85,7.0,118.0,33.7,0.0,118.0,33.7,organic,none,Pune,False,False
ORD-2025-0339,23/02/2025,2025-W08,2025-02,CUST-0232,new,SKU-005,Darjeeling Green Tea,Green Tea,1,549,0.0,none,549.0,99,140,55,95,10.98,248.02,45.2,0.0,248.02,45.2,organic,none,Chandigarh,False,False
ORD-2025-0340,24/02/2025,2025-W09,2025-02,CUST-0091,returning,SKU-004,Original Darjeeling Chai,Chai,1,849,0.0,none,849.0,0,240,65,90,16.98,437.02,51.5,0.0,437.02,51.5,organic,none,Kochi,False,False
ORD-2025-0341,25/02/2025,2025-W09,2025-02,CUST-0233,new,SKU-003,Original Darjeeling Chai,Chai,1,399,0.0,none,399.0,99,110,55,90,7.98,136.02,34.1,223.93,-87.91,-22.0,google_search,CMP-GS-001,Kochi,False,False
ORD-2025-0342,27/02/2025,2025-W09,2025-02,CUST-0234,new,SKU-004,Original Darjeeling Chai,Chai,1,849,0.0,none,849.0,0,240,65,90,16.98,437.02,51.5,414.16,22.86,2.7,meta,CMP-MT-003,Lucknow,False,False
ORD-2025-0343,28/02/2025,2025-W09,2025-02,CUST-0235,new,SKU-003,Original Darjeeling Chai,Chai,1,399,0.0,none,399.0,99,110,55,90,7.98,136.02,34.1,255.5,-119.48,-29.9,google_search,CMP-GS-002,Ahmedabad,False,False
ORD-2025-0344,03/03/2025,2025-W10,2025-03,CUST-0099,returning,SKU-004,Original Darjeeling Chai,Chai,1,849,0.0,none,849.0,0,240,65,90,16.98,437.02,51.5,0.0,437.02,51.5,direct,none,Hyderabad,False,False
ORD-2025-0345,03/03/2025,2025-W10,2025-03,CUST-0236,new,SKU-001,First Flush Darjeeling,First Flush,1,750,0.0,none,750.0,0,180,55,106,15.0,394.0,52.5,0.0,394.0,52.5,organic,none,Pune,False,False
ORD-2025-0346,04/03/2025,2025-W10,2025-03,CUST-0071,returning,SKU-003,Original Darjeeling Chai,Chai,1,399,0.0,none,399.0,99,110,55,90,7.98,136.02,34.1,0.0,136.02,34.1,organic,none,Chandigarh,False,False
ORD-2025-0347,05/03/2025,2025-W10,2025-03,CUST-0237,new,SKU-001,First Flush Darjeeling,First Flush,1,750,0.0,none,750.0,0,180,55,106,15.0,394.0,52.5,0.0,394.0,52.5,direct,none,Nagpur,False,False
ORD-2025-0348,07/03/2025,2025-W10,2025-03,CUST-0238,new,SKU-004,Original Darjeeling Chai,Chai,1,849,0.0,none,849.0,0,240,65,90,16.98,437.02,51.5,204.58,232.44,27.4,google_search,CMP-GS-004,Nagpur,False,False
ORD-2025-0349,07/03/2025,2025-W10,2025-03,CUST-0239,new,SKU-008,Cold Brew Darjeeling,Cold Brew,1,499,0.0,none,499.0,99,130,55,95,9.98,209.02,41.9,263.66,-54.64,-10.9,google_search,CMP-GS-003,Nagpur,False,False
ORD-2025-0350,08/03/2025,2025-W10,2025-03,CUST-0222,returning,SKU-006,First Flush Green Tea,Green Tea,1,699,0.0,none,699.0,0,165,55,100,13.98,365.02,52.2,16.76,348.26,49.8,email,CMP-EM-006,Kolkata,False,False
ORD-2025-0351,09/03/2025,2025-W10,2025-03,CUST-0240,new,SKU-007,Darjeeling Pyramid Teabags,Pyramid Teabags,1,350,0.0,none,350.0,99,90,50,85,7.0,118.0,33.7,0.0,118.0,33.7,direct,none,Indore,False,False
ORD-2025-0352,09/03/2025,2025-W10,2025-03,CUST-0090,returning,SKU-004,Original Darjeeling Chai,Chai,1,849,0.0,none,849.0,0,240,65,90,16.98,437.02,51.5,10.85,426.17,50.2,email,CMP-EM-006,Chandigarh,False,False
ORD-2025-0353,11/03/2025,2025-W11,2025-03,CUST-0241,new,SKU-001,First Flush Darjeeling,First Flush,1,750,0.0,none,750.0,0,180,55,106,15.0,394.0,52.5,24.85,369.15,49.2,email,CMP-EM-004,Nagpur,False,False
ORD-2025-0354,12/03/2025,2025-W11,2025-03,CUST-0242,new,SKU-001,First Flush Darjeeling,First Flush,1,750,0.0,none,750.0,0,180,55,106,15.0,394.0,52.5,378.84,15.16,2.0,google_search,CMP-GS-003,Indore,False,False
ORD-2025-0355,12/03/2025,2025-W11,2025-03,CUST-0243,new,SKU-001,First Flush Darjeeling,First Flush,1,750,0.0,none,750.0,0,180,55,106,15.0,394.0,52.5,0.0,394.0,52.5,organic,none,Hyderabad,False,False
ORD-2025-0356,12/03/2025,2025-W11,2025-03,CUST-0244,new,SKU-008,Cold Brew Darjeeling,Cold Brew,1,499,0.0,none,499.0,99,130,55,95,9.98,209.02,41.9,359.95,-150.93,-30.2,google_search,CMP-GS-005,Kochi,False,False
ORD-2025-0357,13/03/2025,2025-W11,2025-03,CUST-0245,new,SKU-001,First Flush Darjeeling,First Flush,1,750,0.0,none,750.0,0,180,55,106,15.0,394.0,52.5,0.0,394.0,52.5,direct,none,Kochi,False,False
ORD-2025-0358,13/03/2025,2025-W11,2025-03,CUST-0118,returning,SKU-005,Darjeeling Green Tea,Green Tea,1,549,0.0,none,549.0,99,140,55,95,10.98,248.02,45.2,0.0,248.02,45.2,organic,none,Indore,False,False
ORD-2025-0359,14/03/2025,2025-W11,2025-03,CUST-0246,new,SKU-004,Original Darjeeling Chai,Chai,1,849,0.0,none,849.0,0,240,65,90,16.98,437.02,51.5,257.49,179.53,21.1,google_search,CMP-GS-003,Chennai,False,False
ORD-2025-0360,15/03/2025,2025-W11,2025-03,CUST-0247,new,SKU-003,Original Darjeeling Chai,Chai,1,399,39.9,WELCOME10,359.1,99,110,55,90,7.18,96.92,27.0,0.0,96.92,27.0,organic,none,Delhi,False,False
ORD-2025-0361,16/03/2025,2025-W11,2025-03,CUST-0248,new,SKU-001,First Flush Darjeeling,First Flush,1,750,0.0,none,750.0,0,180,55,106,15.0,394.0,52.5,5.01,388.99,51.9,email,CMP-EM-002,Hyderabad,False,False
ORD-2025-0362,16/03/2025,2025-W11,2025-03,CUST-0177,returning,SKU-008,Cold Brew Darjeeling,Cold Brew,1,499,0.0,none,499.0,99,130,55,95,9.98,209.02,41.9,6.87,202.15,40.5,email,CMP-EM-003,Kolkata,False,False
ORD-2025-0363,17/03/2025,2025-W12,2025-03,CUST-0249,new,SKU-004,Original Darjeeling Chai,Chai,1,849,0.0,none,849.0,0,240,65,90,16.98,437.02,51.5,283.02,154.0,18.1,google_search,CMP-GS-002,Delhi,False,False
ORD-2025-0364,18/03/2025,2025-W12,2025-03,CUST-0250,new,SKU-010,Selim Hill Gift Box Premium,Gift Box,1,1999,0.0,none,1999.0,0,420,180,130,39.98,1229.02,61.5,234.29,994.73,49.8,google_search,CMP-GS-005,Lucknow,False,True
ORD-2025-0365,18/03/2025,2025-W12,2025-03,CUST-0251,new,SKU-010,Selim Hill Gift Box Premium,Gift Box,1,1999,0.0,none,1999.0,0,420,180,130,39.98,1229.02,61.5,0.0,1229.02,61.5,direct,none,Nagpur,False,True
ORD-2025-0366,19/03/2025,2025-W12,2025-03,CUST-0099,returning,SKU-011,Tea Club Darjeeling Black Monthly,Subscription,1,649,0.0,none,649.0,99,155,55,90,12.98,336.02,51.8,22.62,313.4,48.3,email,CMP-EM-003,Bengaluru,True,False
ORD-2025-0367,20/03/2025,2025-W12,2025-03,CUST-0252,new,SKU-008,Cold Brew Darjeeling,Cold Brew,1,499,0.0,none,499.0,99,130,55,95,9.98,209.02,41.9,0.0,209.02,41.9,organic,none,Delhi,False,False
ORD-2025-0368,21/03/2025,2025-W12,2025-03,CUST-0253,new,SKU-006,First Flush Green Tea,Green Tea,1,699,69.9,WELCOME10,629.1,99,165,55,100,12.58,296.52,47.1,0.0,296.52,47.1,organic,none,Hyderabad,False,False
ORD-2025-0369,22/03/2025,2025-W12,2025-03,CUST-0254,new,SKU-002,Second Flush Darjeeling,Second Flush,1,650,0.0,none,650.0,99,160,55,106,13.0,316.0,48.6,16.79,299.21,46.0,email,CMP-EM-002,Hyderabad,False,False
ORD-2025-0370,23/03/2025,2025-W12,2025-03,CUST-0255,new,SKU-005,Darjeeling Green Tea,Green Tea,1,549,0.0,none,549.0,99,140,55,95,10.98,248.02,45.2,324.0,-75.98,-13.8,google_search,CMP-GS-005,Chandigarh,False,False
ORD-2025-0371,24/03/2025,2025-W13,2025-03,CUST-0241,returning,SKU-007,Darjeeling Pyramid Teabags,Pyramid Teabags,1,350,0.0,none,350.0,99,90,50,85,7.0,118.0,33.7,0.0,118.0,33.7,direct,none,Chennai,False,False
ORD-2025-0372,24/03/2025,2025-W13,2025-03,CUST-0156,returning,SKU-006,First Flush Green Tea,Green Tea,1,699,0.0,none,699.0,0,165,55,100,13.98,365.02,52.2,20.68,344.34,49.3,email,CMP-EM-001,Indore,False,False
ORD-2025-0373,25/03/2025,2025-W13,2025-03,CUST-0128,returning,SKU-001,First Flush Darjeeling,First Flush,1,750,0.0,none,750.0,0,180,55,106,15.0,394.0,52.5,0.0,394.0,52.5,organic,none,Mumbai,False,False
ORD-2025-0374,25/03/2025,2025-W13,2025-03,CUST-0256,new,SKU-001,First Flush Darjeeling,First Flush,1,750,0.0,none,750.0,0,180,55,106,15.0,394.0,52.5,0.0,394.0,52.5,direct,none,Chandigarh,False,False
ORD-2025-0375,26/03/2025,2025-W13,2025-03,CUST-0257,new,SKU-002,Second Flush Darjeeling,Second Flush,1,650,0.0,none,650.0,99,160,55,106,13.0,316.0,48.6,224.67,91.33,14.1,meta,CMP-MT-001,Delhi,False,False
ORD-2025-0376,27/03/2025,2025-W13,2025-03,CUST-0258,new,SKU-004,Original Darjeeling Chai,Chai,1,849,0.0,none,849.0,0,240,65,90,16.98,437.02,51.5,364.11,72.91,8.6,google_search,CMP-GS-005,Hyderabad,False,False
ORD-2025-0377,27/03/2025,2025-W13,2025-03,CUST-0259,new,SKU-004,Original Darjeeling Chai,Chai,1,849,0.0,none,849.0,0,240,65,90,16.98,437.02,51.5,0.0,437.02,51.5,organic,none,Chennai,False,False
ORD-2025-0378,28/03/2025,2025-W13,2025-03,CUST-0105,returning,SKU-001,First Flush Darjeeling,First Flush,1,750,0.0,none,750.0,0,180,55,106,15.0,394.0,52.5,17.69,376.31,50.2,email,CMP-EM-005,Nagpur,False,False
ORD-2025-0379,29/03/2025,2025-W13,2025-03,CUST-0224,returning,SKU-007,Darjeeling Pyramid Teabags,Pyramid Teabags,1,350,0.0,none,350.0,99,90,50,85,7.0,118.0,33.7,23.49,94.51,27.0,email,CMP-EM-001,Delhi,False,False
ORD-2025-0380,30/03/2025,2025-W13,2025-03,CUST-0260,new,SKU-003,Original Darjeeling Chai,Chai,1,399,0.0,none,399.0,99,110,55,90,7.98,136.02,34.1,0.0,136.02,34.1,direct,none,Kochi,False,False
ORD-2025-0381,31/03/2025,2025-W14,2025-03,CUST-0006,returning,SKU-012,Tea Club Darjeeling Green Monthly,Subscription,1,699,0.0,none,699.0,0,155,55,90,13.98,385.02,55.1,0.0,385.02,55.1,direct,none,Indore,True,False
ORD-2025-0382,01/04/2025,2025-W14,2025-04,CUST-0261,new,SKU-003,Original Darjeeling Chai,Chai,1,399,0.0,none,399.0,99,110,55,90,7.98,136.02,34.1,0.0,136.02,34.1,direct,none,Nagpur,False,False
ORD-2025-0383,01/04/2025,2025-W14,2025-04,CUST-0061,returning,SKU-010,Selim Hill Gift Box Premium,Gift Box,1,1999,0.0,none,1999.0,0,420,180,130,39.98,1229.02,61.5,10.26,1218.76,61.0,email,CMP-EM-001,Chandigarh,False,True
ORD-2025-0384,02/04/2025,2025-W14,2025-04,CUST-0262,new,SKU-009,Selim Hill Gift Box Classic,Gift Box,1,1299,0.0,none,1299.0,0,290,130,120,25.98,733.02,56.4,436.53,296.49,22.8,meta,CMP-MT-002,Surat,False,True
ORD-2025-0385,03/04/2025,2025-W14,2025-04,CUST-0263,new,SKU-002,Second Flush Darjeeling,Second Flush,1,650,65.0,WELCOME10,585.0,99,160,55,106,11.7,252.3,43.1,0.0,252.3,43.1,organic,none,Nagpur,False,False
ORD-2025-0386,04/04/2025,2025-W14,2025-04,CUST-0264,new,SKU-001,First Flush Darjeeling,First Flush,1,750,0.0,none,750.0,0,180,55,106,15.0,394.0,52.5,23.28,370.72,49.4,email,CMP-EM-001,Kochi,False,False
ORD-2025-0387,04/04/2025,2025-W14,2025-04,CUST-0265,new,SKU-002,Second Flush Darjeeling,Second Flush,1,650,0.0,none,650.0,99,160,55,106,13.0,316.0,48.6,6.56,309.44,47.6,email,CMP-EM-003,Kolkata,False,False
ORD-2025-0388,05/04/2025,2025-W14,2025-04,CUST-0027,returning,SKU-011,Tea Club Darjeeling Black Monthly,Subscription,1,649,0.0,none,649.0,99,155,55,90,12.98,336.02,51.8,390.48,-54.46,-8.4,google_search,CMP-GS-001,Nagpur,True,False
ORD-2025-0389,05/04/2025,2025-W14,2025-04,CUST-0160,returning,SKU-004,Original Darjeeling Chai,Chai,1,849,0.0,none,849.0,0,240,65,90,16.98,437.02,51.5,10.83,426.19,50.2,email,CMP-EM-002,Indore,False,False
ORD-2025-0390,05/04/2025,2025-W14,2025-04,CUST-0125,returning,SKU-004,Original Darjeeling Chai,Chai,1,849,0.0,none,849.0,0,240,65,90,16.98,437.02,51.5,0.0,437.02,51.5,direct,none,Indore,False,False
ORD-2025-0391,06/04/2025,2025-W14,2025-04,CUST-0266,new,SKU-001,First Flush Darjeeling,First Flush,1,750,75.0,WELCOME10,675.0,99,180,55,106,13.5,320.5,47.5,11.93,308.57,45.7,email,CMP-EM-001,Nagpur,False,False
ORD-2025-0392,06/04/2025,2025-W14,2025-04,CUST-0267,new,SKU-010,Selim Hill Gift Box Premium,Gift Box,1,1999,0.0,none,1999.0,0,420,180,130,39.98,1229.02,61.5,383.76,845.26,42.3,google_search,CMP-GS-004,Kochi,False,True
ORD-2025-0393,06/04/2025,2025-W14,2025-04,CUST-0106,returning,SKU-001,First Flush Darjeeling,First Flush,1,750,0.0,none,750.0,0,180,55,106,15.0,394.0,52.5,0.0,394.0,52.5,direct,none,Mumbai,False,False
ORD-2025-0394,07/04/2025,2025-W15,2025-04,CUST-0268,new,SKU-002,Second Flush Darjeeling,Second Flush,1,650,0.0,none,650.0,99,160,55,106,13.0,316.0,48.6,395.35,-79.35,-12.2,google_search,CMP-GS-002,Jaipur,False,False
ORD-2025-0395,09/04/2025,2025-W15,2025-04,CUST-0269,new,SKU-004,Original Darjeeling Chai,Chai,1,849,0.0,none,849.0,0,240,65,90,16.98,437.02,51.5,0.0,437.02,51.5,organic,none,Hyderabad,False,False
ORD-2025-0396,09/04/2025,2025-W15,2025-04,CUST-0032,returning,SKU-011,Tea Club Darjeeling Black Monthly,Subscription,1,649,0.0,none,649.0,99,155,55,90,12.98,336.02,51.8,22.02,314.0,48.4,email,CMP-EM-003,Surat,False,False
ORD-2025-0397,09/04/2025,2025-W15,2025-04,CUST-0270,new,SKU-006,First Flush Green Tea,Green Tea,1,699,0.0,none,699.0,0,165,55,100,13.98,365.02,52.2,236.07,128.95,18.4,google_search,CMP-GS-003,Pune,False,False
ORD-2025-0398,10/04/2025,2025-W15,2025-04,CUST-0055,returning,SKU-003,Original Darjeeling Chai,Chai,1,399,0.0,none,399.0,99,110,55,90,7.98,136.02,34.1,12.17,123.85,31.0,email,CMP-EM-005,Indore,False,False
ORD-2025-0399,10/04/2025,2025-W15,2025-04,CUST-0158,returning,SKU-007,Darjeeling Pyramid Teabags,Pyramid Teabags,1,350,0.0,none,350.0,99,90,50,85,7.0,118.0,33.7,11.08,106.92,30.5,email,CMP-EM-006,Kochi,False,False
ORD-2025-0400,10/04/2025,2025-W15,2025-04,CUST-0271,new,SKU-010,Selim Hill Gift Box Premium,Gift Box,1,1999,0.0,none,1999.0,0,420,180,130,39.98,1229.02,61.5,412.42,816.6,40.9,google_search,CMP-GS-002,Hyderabad,False,True
ORD-2025-0401,11/04/2025,2025-W15,2025-04,CUST-0272,new,SKU-002,Second Flush Darjeeling,Second Flush,1,650,0.0,none,650.0,99,160,55,106,13.0,316.0,48.6,22.09,293.91,45.2,email,CMP-EM-001,Jaipur,False,False
ORD-2025-0402,11/04/2025,2025-W15,2025-04,CUST-0273,new,SKU-004,Original Darjeeling Chai,Chai,1,849,0.0,none,849.0,0,240,65,90,16.98,437.02,51.5,0.0,437.02,51.5,direct,none,Bengaluru,False,False
ORD-2025-0403,11/04/2025,2025-W15,2025-04,CUST-0032,returning,SKU-001,First Flush Darjeeling,First Flush,1,750,0.0,none,750.0,0,180,55,106,15.0,394.0,52.5,0.0,394.0,52.5,organic,none,Kolkata,False,False
ORD-2025-0404,12/04/2025,2025-W15,2025-04,CUST-0133,returning,SKU-001,First Flush Darjeeling,First Flush,1,750,0.0,none,750.0,0,180,55,106,15.0,394.0,52.5,396.6,-2.6,-0.3,google_search,CMP-GS-002,Ahmedabad,False,False
ORD-2025-0405,12/04/2025,2025-W15,2025-04,CUST-0274,new,SKU-007,Darjeeling Pyramid Teabags,Pyramid Teabags,1,350,0.0,none,350.0,99,90,50,85,7.0,118.0,33.7,0.0,118.0,33.7,direct,none,Delhi,False,False
ORD-2025-0406,13/04/2025,2025-W15,2025-04,CUST-0237,returning,SKU-010,Selim Hill Gift Box Premium,Gift Box,1,1999,0.0,none,1999.0,0,420,180,130,39.98,1229.02,61.5,0.0,1229.02,61.5,organic,none,Hyderabad,False,True
ORD-2025-0407,14/04/2025,2025-W16,2025-04,CUST-0275,new,SKU-008,Cold Brew Darjeeling,Cold Brew,1,499,0.0,none,499.0,99,130,55,95,9.98,209.02,41.9,392.02,-183.0,-36.7,google_search,CMP-GS-004,Mumbai,False,False
ORD-2025-0408,15/04/2025,2025-W16,2025-04,CUST-0276,new,SKU-005,Darjeeling Green Tea,Green Tea,1,549,0.0,none,549.0,99,140,55,95,10.98,248.02,45.2,354.13,-106.11,-19.3,meta,CMP-MT-003,Delhi,False,False
ORD-2025-0409,15/04/2025,2025-W16,2025-04,CUST-0071,returning,SKU-006,First Flush Green Tea,Green Tea,1,699,0.0,none,699.0,0,165,55,100,13.98,365.02,52.2,20.9,344.12,49.2,email,CMP-EM-005,Hyderabad,False,False
ORD-2025-0410,16/04/2025,2025-W16,2025-04,CUST-0277,new,SKU-008,Cold Brew Darjeeling,Cold Brew,1,499,0.0,none,499.0,99,130,55,95,9.98,209.02,41.9,0.0,209.02,41.9,organic,none,Bengaluru,False,False
ORD-2025-0411,16/04/2025,2025-W16,2025-04,CUST-0113,returning,SKU-010,Selim Hill Gift Box Premium,Gift Box,1,1999,0.0,none,1999.0,0,420,180,130,39.98,1229.02,61.5,15.59,1213.43,60.7,email,CMP-EM-004,Indore,False,True
ORD-2025-0412,17/04/2025,2025-W16,2025-04,CUST-0278,new,SKU-001,First Flush Darjeeling,First Flush,1,750,0.0,none,750.0,0,180,55,106,15.0,394.0,52.5,243.97,150.03,20.0,google_search,CMP-GS-002,Nagpur,False,False
ORD-2025-0413,18/04/2025,2025-W16,2025-04,CUST-0279,new,SKU-004,Original Darjeeling Chai,Chai,1,849,0.0,none,849.0,0,240,65,90,16.98,437.02,51.5,21.78,415.24,48.9,email,CMP-EM-004,Nagpur,False,False
ORD-2025-0414,18/04/2025,2025-W16,2025-04,CUST-0122,returning,SKU-007,Darjeeling Pyramid Teabags,Pyramid Teabags,1,350,0.0,none,350.0,99,90,50,85,7.0,118.0,33.7,0.0,118.0,33.7,direct,none,Surat,False,False
ORD-2025-0415,19/04/2025,2025-W16,2025-04,CUST-0280,new,SKU-003,Original Darjeeling Chai,Chai,1,399,39.9,WELCOME10,359.1,99,110,55,90,7.18,96.92,27.0,0.0,96.92,27.0,organic,none,Pune,False,False
ORD-2025-0416,20/04/2025,2025-W16,2025-04,CUST-0281,new,SKU-001,First Flush Darjeeling,First Flush,1,750,0.0,none,750.0,0,180,55,106,15.0,394.0,52.5,235.83,158.17,21.1,google_search,CMP-GS-001,Pune,False,False
ORD-2025-0417,20/04/2025,2025-W16,2025-04,CUST-0245,returning,SKU-009,Selim Hill Gift Box Classic,Gift Box,1,1299,0.0,none,1299.0,0,290,130,120,25.98,733.02,56.4,0.0,733.02,56.4,organic,none,Kolkata,False,True
ORD-2025-0418,20/04/2025,2025-W16,2025-04,CUST-0282,new,SKU-007,Darjeeling Pyramid Teabags,Pyramid Teabags,1,350,0.0,none,350.0,99,90,50,85,7.0,118.0,33.7,215.45,-97.45,-27.8,google_search,CMP-GS-001,Kochi,False,False
ORD-2025-0419,21/04/2025,2025-W17,2025-04,CUST-0283,new,SKU-007,Darjeeling Pyramid Teabags,Pyramid Teabags,1,350,0.0,none,350.0,99,90,50,85,7.0,118.0,33.7,0.0,118.0,33.7,direct,none,Delhi,False,False
ORD-2025-0420,23/04/2025,2025-W17,2025-04,CUST-0284,new,SKU-003,Original Darjeeling Chai,Chai,1,399,0.0,none,399.0,99,110,55,90,7.98,136.02,34.1,355.76,-219.74,-55.1,google_search,CMP-GS-002,Hyderabad,False,False
ORD-2025-0421,23/04/2025,2025-W17,2025-04,CUST-0285,new,SKU-005,Darjeeling Green Tea,Green Tea,1,549,0.0,none,549.0,99,140,55,95,10.98,248.02,45.2,346.45,-98.43,-17.9,google_search,CMP-GS-005,Surat,False,False
ORD-2025-0422,23/04/2025,2025-W17,2025-04,CUST-0286,new,SKU-005,Darjeeling Green Tea,Green Tea,1,549,0.0,none,549.0,99,140,55,95,10.98,248.02,45.2,0.0,248.02,45.2,direct,none,Hyderabad,False,False
ORD-2025-0423,24/04/2025,2025-W17,2025-04,CUST-0001,returning,SKU-003,Original Darjeeling Chai,Chai,1,399,0.0,none,399.0,99,110,55,90,7.98,136.02,34.1,187.77,-51.75,-13.0,google_search,CMP-GS-005,Chandigarh,False,False
ORD-2025-0424,25/04/2025,2025-W17,2025-04,CUST-0114,returning,SKU-003,Original Darjeeling Chai,Chai,1,399,0.0,none,399.0,99,110,55,90,7.98,136.02,34.1,9.76,126.26,31.6,email,CMP-EM-001,Kolkata,False,False
ORD-2025-0425,25/04/2025,2025-W17,2025-04,CUST-0046,returning,SKU-004,Original Darjeeling Chai,Chai,1,849,0.0,none,849.0,0,240,65,90,16.98,437.02,51.5,0.0,437.02,51.5,organic,none,Kolkata,False,False
ORD-2025-0426,25/04/2025,2025-W17,2025-04,CUST-0287,new,SKU-002,Second Flush Darjeeling,Second Flush,1,650,0.0,none,650.0,99,160,55,106,13.0,316.0,48.6,368.88,-52.88,-8.1,google_search,CMP-GS-003,Kochi,False,False
ORD-2025-0427,26/04/2025,2025-W17,2025-04,CUST-0288,new,SKU-008,Cold Brew Darjeeling,Cold Brew,1,499,0.0,none,499.0,99,130,55,95,9.98,209.02,41.9,318.34,-109.32,-21.9,meta,CMP-MT-002,Hyderabad,False,False
ORD-2025-0428,26/04/2025,2025-W17,2025-04,CUST-0246,returning,SKU-004,Original Darjeeling Chai,Chai,1,849,0.0,none,849.0,0,240,65,90,16.98,437.02,51.5,0.0,437.02,51.5,organic,none,Pune,False,False
ORD-2025-0429,26/04/2025,2025-W17,2025-04,CUST-0038,returning,SKU-009,Selim Hill Gift Box Classic,Gift Box,1,1299,0.0,none,1299.0,0,290,130,120,25.98,733.02,56.4,6.48,726.54,55.9,email,CMP-EM-001,Bengaluru,False,True
ORD-2025-0430,27/04/2025,2025-W17,2025-04,CUST-0289,new,SKU-001,First Flush Darjeeling,First Flush,1,750,0.0,none,750.0,0,180,55,106,15.0,394.0,52.5,24.71,369.29,49.2,email,CMP-EM-001,Surat,False,False
ORD-2025-0431,27/04/2025,2025-W17,2025-04,CUST-0290,new,SKU-009,Selim Hill Gift Box Classic,Gift Box,1,1299,0.0,none,1299.0,0,290,130,120,25.98,733.02,56.4,0.0,733.02,56.4,organic,none,Mumbai,False,True
ORD-2025-0432,27/04/2025,2025-W17,2025-04,CUST-0106,returning,SKU-004,Original Darjeeling Chai,Chai,1,849,0.0,none,849.0,0,240,65,90,16.98,437.02,51.5,243.66,193.36,22.8,google_search,CMP-GS-005,Chennai,False,False
ORD-2025-0433,28/04/2025,2025-W18,2025-04,CUST-0291,new,SKU-004,Original Darjeeling Chai,Chai,1,849,0.0,none,849.0,0,240,65,90,16.98,437.02,51.5,282.63,154.39,18.2,google_search,CMP-GS-001,Chennai,False,False
ORD-2025-0434,28/04/2025,2025-W18,2025-04,CUST-0292,new,SKU-004,Original Darjeeling Chai,Chai,1,849,0.0,none,849.0,0,240,65,90,16.98,437.02,51.5,221.0,216.02,25.4,google_search,CMP-GS-002,Chennai,False,False
ORD-2025-0435,29/04/2025,2025-W18,2025-04,CUST-0293,new,SKU-001,First Flush Darjeeling,First Flush,1,750,0.0,none,750.0,0,180,55,106,15.0,394.0,52.5,0.0,394.0,52.5,direct,none,Ahmedabad,False,False
ORD-2025-0436,29/04/2025,2025-W18,2025-04,CUST-0294,new,SKU-001,First Flush Darjeeling,First Flush,1,750,75.0,WELCOME10,675.0,99,180,55,106,13.5,320.5,47.5,0.0,320.5,47.5,organic,none,Surat,False,False
ORD-2025-0437,30/04/2025,2025-W18,2025-04,CUST-0226,returning,SKU-001,First Flush Darjeeling,First Flush,1,750,0.0,none,750.0,0,180,55,106,15.0,394.0,52.5,8.02,385.98,51.5,email,CMP-EM-001,Kochi,False,False
