week,week_start,week_end,month,platform,campaign_id,campaign_name,campaign_objective,spend,impressions,clicks,ctr_pct,cpc,cpm,sessions,add_to_cart,atc_rate_pct,checkouts,checkout_rate_pct,orders,cvr_pct,revenue,new_customers,cac,roas,contribution_roas,status
2024-W14,01/04/2024,07/04/2024,2024-04,google,CMP-GS-001,Google Search — Brand + Darjeeling Intent,acquisition,1872.35,9751,470,4.83,3.98,192.0,434,32,7.38,20,62.97,10,2.51,7655.22,7,267.48,4.09,2.05,active
2024-W14,01/04/2024,07/04/2024,2024-04,google,CMP-GS-002,Google Search — First Flush Seasonal,acquisition,3025.57,10039,524,5.22,5.77,301.37,502,27,5.41,13,51.74,17,3.52,11400.72,14,216.11,3.77,1.96,active
2024-W14,01/04/2024,07/04/2024,2024-04,google,CMP-GS-003,Google Search — Chai + Daily Tea,acquisition,964.9,3510,198,5.66,4.87,274.85,174,11,6.53,5,53.8,6,3.75,4575.23,3,321.63,4.74,2.29,active
2024-W14,01/04/2024,07/04/2024,2024-04,google,CMP-GS-004,Google Search — Wellness + Green Tea,acquisition,687.13,2158,110,5.11,6.25,318.36,106,6,6.01,4,68.35,1,1.65,794.25,1,687.13,1.16,0.57,active
2024-W14,01/04/2024,07/04/2024,2024-04,google,CMP-GS-005,Google Shopping — Product Catalog,acquisition,583.89,2477,118,4.78,4.95,235.63,105,5,5.33,3,69.22,3,3.18,2030.31,2,291.94,3.48,1.85,active
2024-W14,01/04/2024,07/04/2024,2024-04,meta,CMP-MT-001,Meta Prospecting — Darjeeling Loyalist,acquisition,3447.72,13810,295,2.14,11.69,249.64,279,20,7.26,14,70.35,7,2.53,4240.79,5,689.54,1.23,0.75,active
2024-W14,01/04/2024,07/04/2024,2024-04,meta,CMP-MT-002,Meta Retargeting — Site Visitors,retargeting,866.28,2866,51,1.81,16.99,302.18,46,2,5.94,1,50.82,1,1.7,702.6,1,866.28,0.81,0.49,active
2024-W14,01/04/2024,07/04/2024,2024-04,meta,CMP-MT-003,Meta Prospecting — Gift + Festive,acquisition,1245.03,3128,54,1.73,23.06,397.91,48,3,6.48,2,70.26,1,3.5,765.22,1,1245.03,0.61,0.38,active
2024-W15,08/04/2024,14/04/2024,2024-04,google,CMP-GS-001,Google Search — Brand + Darjeeling Intent,acquisition,1705.11,6852,403,5.89,4.23,248.83,354,24,6.98,12,52.96,13,3.73,9980.71,8,213.14,5.85,3.27,active
2024-W15,08/04/2024,14/04/2024,2024-04,google,CMP-GS-002,Google Search — First Flush Seasonal,acquisition,2940.08,10873,474,4.36,6.2,270.38,422,28,6.8,18,66.3,13,3.1,9961.97,9,326.68,3.39,1.69,active
2024-W15,08/04/2024,14/04/2024,2024-04,google,CMP-GS-003,Google Search — Chai + Daily Tea,acquisition,826.34,3696,196,5.32,4.22,223.56,173,11,6.91,7,69.35,1,0.98,769.88,1,826.34,0.93,0.55,active
2024-W15,08/04/2024,14/04/2024,2024-04,google,CMP-GS-004,Google Search — Wellness + Green Tea,acquisition,657.91,2697,176,6.55,3.74,243.9,165,7,4.6,4,68.12,3,2.36,1671.49,1,657.91,2.54,1.35,active
2024-W15,08/04/2024,14/04/2024,2024-04,google,CMP-GS-005,Google Shopping — Product Catalog,acquisition,581.64,2210,95,4.33,6.12,263.17,90,5,5.85,2,57.69,1,1.37,744.69,1,581.64,1.28,0.63,active
2024-W15,08/04/2024,14/04/2024,2024-04,meta,CMP-MT-001,Meta Prospecting — Darjeeling Loyalist,acquisition,3338.43,11228,163,1.46,20.48,297.31,151,11,7.36,7,68.86,4,2.78,2402.9,2,1669.21,0.72,0.38,active
2024-W15,08/04/2024,14/04/2024,2024-04,meta,CMP-MT-002,Meta Retargeting — Site Visitors,retargeting,796.33,2117,51,2.43,15.61,376.06,44,3,7.15,1,64.24,1,2.64,595.72,1,796.33,0.75,0.46,active
2024-W15,08/04/2024,14/04/2024,2024-04,meta,CMP-MT-003,Meta Prospecting — Gift + Festive,acquisition,1334.63,3228,71,2.23,18.8,413.4,64,3,5.01,1,57.67,2,1.63,1446.32,1,1334.63,1.08,0.6,active
2024-W16,15/04/2024,21/04/2024,2024-04,google,CMP-GS-001,Google Search — Brand + Darjeeling Intent,acquisition,1755.57,9034,481,5.33,3.65,194.32,450,30,6.87,17,58.23,12,2.78,7314.51,7,250.8,4.17,2.23,active
2024-W16,15/04/2024,21/04/2024,2024-04,google,CMP-GS-002,Google Search — First Flush Seasonal,acquisition,2685.96,8436,482,5.72,5.57,318.37,460,20,4.54,13,65.64,16,3.49,9039.66,13,206.61,3.37,1.95,active
2024-W16,15/04/2024,21/04/2024,2024-04,google,CMP-GS-003,Google Search — Chai + Daily Tea,acquisition,986.33,3369,209,6.21,4.72,292.76,194,11,6.14,7,64.98,5,2.99,4096.2,3,328.78,4.15,2.19,active
2024-W16,15/04/2024,21/04/2024,2024-04,google,CMP-GS-004,Google Search — Wellness + Green Tea,acquisition,686.32,2928,114,3.91,6.02,234.36,107,6,5.79,3,54.18,3,3.01,2041.17,2,343.16,2.97,1.75,active
2024-W16,15/04/2024,21/04/2024,2024-04,google,CMP-GS-005,Google Shopping — Product Catalog,acquisition,658.54,2402,127,5.32,5.19,274.06,121,8,6.86,5,69.28,1,1.43,558.38,1,658.54,0.85,0.51,active
2024-W16,15/04/2024,21/04/2024,2024-04,meta,CMP-MT-001,Meta Prospecting — Darjeeling Loyalist,acquisition,3780.49,10146,151,1.49,25.04,372.58,141,6,4.84,3,51.96,4,1.93,2448.5,3,1260.16,0.65,0.33,active
2024-W16,15/04/2024,21/04/2024,2024-04,meta,CMP-MT-002,Meta Retargeting — Site Visitors,retargeting,863.56,3173,52,1.67,16.61,272.11,49,2,5.38,1,69.06,2,2.59,1082.73,1,863.56,1.25,0.61,active
2024-W16,15/04/2024,21/04/2024,2024-04,meta,CMP-MT-003,Meta Prospecting — Gift + Festive,acquisition,1400.16,3558,64,1.81,21.88,393.5,57,2,3.72,1,68.79,2,1.3,1285.52,1,1400.16,0.92,0.54,active
2024-W17,22/04/2024,28/04/2024,2024-04,google,CMP-GS-001,Google Search — Brand + Darjeeling Intent,acquisition,1975.66,8094,384,4.75,5.14,244.06,361,23,6.62,13,60.73,9,2.73,6393.15,5,395.13,3.24,1.93,active
2024-W17,22/04/2024,28/04/2024,2024-04,google,CMP-GS-002,Google Search — First Flush Seasonal,acquisition,2836.94,9899,426,4.31,6.66,286.57,403,22,5.46,14,66.8,4,1.16,2840.19,2,1418.47,1.0,0.53,active
2024-W17,22/04/2024,28/04/2024,2024-04,google,CMP-GS-003,Google Search — Chai + Daily Tea,acquisition,1000.51,4281,167,3.91,5.99,233.66,148,7,4.99,3,50.31,2,1.83,1154.35,1,1000.51,1.15,0.58,active
2024-W17,22/04/2024,28/04/2024,2024-04,google,CMP-GS-004,Google Search — Wellness + Green Tea,acquisition,721.28,3357,197,5.88,3.66,214.84,178,7,4.02,4,58.44,4,2.61,3068.61,2,360.64,4.25,2.54,active
2024-W17,22/04/2024,28/04/2024,2024-04,google,CMP-GS-005,Google Shopping — Product Catalog,acquisition,569.88,2021,112,5.59,5.09,281.9,101,7,7.05,5,71.9,1,1.89,627.78,1,569.88,1.1,0.54,active
2024-W17,22/04/2024,28/04/2024,2024-04,meta,CMP-MT-001,Meta Prospecting — Darjeeling Loyalist,acquisition,3898.54,9658,178,1.85,21.9,403.64,158,10,6.41,5,52.89,4,3.03,2282.78,2,1949.27,0.59,0.31,active
2024-W17,22/04/2024,28/04/2024,2024-04,meta,CMP-MT-002,Meta Retargeting — Site Visitors,retargeting,932.52,4099,106,2.6,8.8,227.47,94,5,5.64,2,51.07,3,3.78,2148.21,1,932.52,2.3,1.21,active
2024-W17,22/04/2024,28/04/2024,2024-04,meta,CMP-MT-003,Meta Prospecting — Gift + Festive,acquisition,1463.76,4825,87,1.81,16.82,303.36,80,4,5.4,2,53.37,2,2.92,1220.67,1,1463.76,0.83,0.44,active
2024-W18,29/04/2024,05/05/2024,2024-04,google,CMP-GS-001,Google Search — Brand + Darjeeling Intent,acquisition,1870.19,8586,482,5.62,3.88,217.8,425,28,6.82,14,52.31,12,2.98,6650.45,7,267.17,3.56,2.15,active
2024-W18,29/04/2024,05/05/2024,2024-04,google,CMP-GS-002,Google Search — First Flush Seasonal,acquisition,2783.03,13382,614,4.59,4.53,207.96,566,24,4.31,15,65.48,9,1.76,6020.16,6,463.84,2.16,1.33,active
2024-W18,29/04/2024,05/05/2024,2024-04,google,CMP-GS-003,Google Search — Chai + Daily Tea,acquisition,993.55,4390,167,3.81,5.95,226.28,156,11,7.13,7,68.38,4,2.84,2188.1,3,331.18,2.2,1.32,active
2024-W18,29/04/2024,05/05/2024,2024-04,google,CMP-GS-004,Google Search — Wellness + Green Tea,acquisition,737.56,3798,173,4.57,4.26,194.18,154,11,7.45,6,56.51,3,2.25,1717.23,1,737.56,2.33,1.41,active
2024-W18,29/04/2024,05/05/2024,2024-04,google,CMP-GS-005,Google Shopping — Product Catalog,acquisition,569.84,1950,92,4.74,6.19,292.22,86,3,3.88,2,66.68,1,1.03,719.01,1,569.84,1.26,0.63,active
2024-W18,29/04/2024,05/05/2024,2024-04,meta,CMP-MT-001,Meta Prospecting — Darjeeling Loyalist,acquisition,3399.64,11054,242,2.19,14.05,307.54,231,8,3.87,5,67.93,3,1.43,2426.08,2,1699.82,0.71,0.4,active
2024-W18,29/04/2024,05/05/2024,2024-04,meta,CMP-MT-002,Meta Retargeting — Site Visitors,retargeting,875.31,2243,55,2.48,15.91,390.13,51,3,6.69,1,52.49,1,2.92,802.74,1,875.31,0.92,0.56,active
2024-W18,29/04/2024,05/05/2024,2024-04,meta,CMP-MT-003,Meta Prospecting — Gift + Festive,acquisition,1371.79,4056,100,2.48,13.72,338.15,93,3,4.23,1,58.35,1,1.94,725.34,1,1371.79,0.53,0.33,active
2024-W19,06/05/2024,12/05/2024,2024-05,google,CMP-GS-001,Google Search — Brand + Darjeeling Intent,acquisition,2004.53,10109,663,6.56,3.02,198.29,584,30,5.15,15,51.01,9,1.66,6582.33,7,286.36,3.28,1.89,active
2024-W19,06/05/2024,12/05/2024,2024-05,google,CMP-GS-002,Google Search — First Flush Seasonal,acquisition,1660.16,6367,350,5.5,4.74,260.73,338,20,6.18,11,57.44,8,2.42,4388.58,6,276.69,2.64,1.38,active
2024-W19,06/05/2024,12/05/2024,2024-05,google,CMP-GS-003,Google Search — Chai + Daily Tea,acquisition,845.69,3702,215,5.83,3.93,228.4,195,13,6.86,8,62.28,7,3.76,4991.14,4,211.42,5.9,3.61,active
2024-W19,06/05/2024,12/05/2024,2024-05,google,CMP-GS-004,Google Search — Wellness + Green Tea,acquisition,758.61,2534,162,6.41,4.68,299.26,142,7,5.47,3,55.3,5,3.71,2934.06,3,252.87,3.87,2.37,active
2024-W19,06/05/2024,12/05/2024,2024-05,google,CMP-GS-005,Google Shopping — Product Catalog,acquisition,586.07,2752,142,5.18,4.13,212.9,134,7,5.29,4,68.84,2,2.2,1338.42,1,586.07,2.28,1.38,active
2024-W19,06/05/2024,12/05/2024,2024-05,meta,CMP-MT-001,Meta Prospecting — Darjeeling Loyalist,acquisition,1990.2,6579,137,2.09,14.53,302.47,119,4,3.86,2,63.29,3,2.7,2017.5,2,995.1,1.01,0.59,active
2024-W19,06/05/2024,12/05/2024,2024-05,meta,CMP-MT-002,Meta Retargeting — Site Visitors,retargeting,937.04,2285,40,1.78,23.43,410.07,35,1,4.39,0,60.0,1,2.52,661.94,1,937.04,0.71,0.38,active
2024-W19,06/05/2024,12/05/2024,2024-05,meta,CMP-MT-003,Meta Prospecting — Gift + Festive,acquisition,1472.55,6064,146,2.41,10.09,242.8,130,6,4.87,4,68.26,4,3.7,2706.38,3,490.85,1.84,1.06,active
2024-W20,13/05/2024,19/05/2024,2024-05,google,CMP-GS-001,Google Search — Brand + Darjeeling Intent,acquisition,1603.78,7901,333,4.22,4.82,202.98,313,20,6.39,10,52.35,8,2.67,6392.52,5,320.76,3.99,2.37,active
2024-W20,13/05/2024,19/05/2024,2024-05,google,CMP-GS-002,Google Search — First Flush Seasonal,acquisition,1543.92,5334,317,5.95,4.87,289.4,279,14,5.16,9,70.39,9,3.33,6764.79,6,257.32,4.38,2.36,active
2024-W20,13/05/2024,19/05/2024,2024-05,google,CMP-GS-003,Google Search — Chai + Daily Tea,acquisition,934.23,2976,124,4.2,7.53,313.87,114,6,5.62,3,51.07,4,3.61,2659.52,3,311.41,2.85,1.43,active
2024-W20,13/05/2024,19/05/2024,2024-05,google,CMP-GS-004,Google Search — Wellness + Green Tea,acquisition,770.76,3763,208,5.54,3.71,204.81,196,7,4.01,4,58.52,5,2.64,3356.17,3,256.92,4.35,2.16,active
2024-W20,13/05/2024,19/05/2024,2024-05,google,CMP-GS-005,Google Shopping — Product Catalog,acquisition,669.05,2170,132,6.09,5.07,308.23,118,8,7.35,5,71.35,2,2.21,1287.65,1,669.05,1.92,1.16,active
2024-W20,13/05/2024,19/05/2024,2024-05,meta,CMP-MT-001,Meta Prospecting — Darjeeling Loyalist,acquisition,2331.17,8332,193,2.32,12.08,279.78,184,11,6.35,7,70.58,5,2.73,3536.25,3,777.06,1.52,0.9,active
2024-W20,13/05/2024,19/05/2024,2024-05,meta,CMP-MT-002,Meta Retargeting — Site Visitors,retargeting,866.58,2444,67,2.77,12.93,354.47,62,4,7.33,2,61.09,1,2.91,554.62,1,866.58,0.64,0.37,active
2024-W20,13/05/2024,19/05/2024,2024-05,meta,CMP-MT-003,Meta Prospecting — Gift + Festive,acquisition,1393.4,4170,94,2.27,14.82,334.13,85,5,6.49,3,68.51,2,1.73,1524.98,1,1393.4,1.09,0.55,active
2024-W21,20/05/2024,26/05/2024,2024-05,google,CMP-GS-001,Google Search — Brand + Darjeeling Intent,acquisition,1594.92,7960,462,5.81,3.45,200.35,411,26,6.5,13,53.54,7,1.73,5402.7,5,318.98,3.39,1.98,active
2024-W21,20/05/2024,26/05/2024,2024-05,google,CMP-GS-002,Google Search — First Flush Seasonal,acquisition,1483.3,5195,202,3.9,7.34,285.5,192,7,3.91,4,69.1,5,3.04,3713.62,3,494.43,2.5,1.25,active
2024-W21,20/05/2024,26/05/2024,2024-05,google,CMP-GS-003,Google Search — Chai + Daily Tea,acquisition,843.32,2910,180,6.2,4.69,289.8,161,9,6.16,6,70.38,3,2.02,2438.24,2,421.66,2.89,1.41,active
2024-W21,20/05/2024,26/05/2024,2024-05,google,CMP-GS-004,Google Search — Wellness + Green Tea,acquisition,708.76,3898,177,4.55,4.0,181.82,164,10,6.62,6,69.14,5,3.31,3656.94,3,236.25,5.16,2.54,active
2024-W21,20/05/2024,26/05/2024,2024-05,google,CMP-GS-005,Google Shopping — Product Catalog,acquisition,636.74,2482,139,5.61,4.58,256.53,131,9,7.36,5,56.47,1,1.41,576.09,1,636.74,0.9,0.47,active
2024-W21,20/05/2024,26/05/2024,2024-05,meta,CMP-MT-001,Meta Prospecting — Darjeeling Loyalist,acquisition,2207.31,7471,141,1.89,15.65,295.44,130,5,4.02,3,62.85,2,1.64,1465.81,1,2207.31,0.66,0.38,active
2024-W21,20/05/2024,26/05/2024,2024-05,meta,CMP-MT-002,Meta Retargeting — Site Visitors,retargeting,825.2,2900,37,1.28,22.3,284.53,35,2,5.96,1,64.56,1,2.32,627.43,1,825.2,0.76,0.41,active
2024-W21,20/05/2024,26/05/2024,2024-05,meta,CMP-MT-003,Meta Prospecting — Gift + Festive,acquisition,1338.8,5071,75,1.49,17.85,263.99,65,3,5.52,1,59.15,2,2.46,1172.72,1,1338.8,0.88,0.53,active
2024-W22,27/05/2024,02/06/2024,2024-05,google,CMP-GS-001,Google Search — Brand + Darjeeling Intent,acquisition,1727.37,7493,334,4.46,5.17,230.51,315,17,5.62,12,71.93,10,3.29,5226.41,7,246.77,3.03,1.46,active
2024-W22,27/05/2024,02/06/2024,2024-05,google,CMP-GS-002,Google Search — First Flush Seasonal,acquisition,1539.66,5021,283,5.64,5.44,306.63,263,19,7.34,12,65.02,4,1.83,3213.99,2,769.83,2.09,1.03,active
2024-W22,27/05/2024,02/06/2024,2024-05,google,CMP-GS-003,Google Search — Chai + Daily Tea,acquisition,908.69,4137,270,6.53,3.37,219.6,257,12,5.0,8,67.66,5,2.19,3947.42,3,302.9,4.34,2.67,active
2024-W22,27/05/2024,02/06/2024,2024-05,google,CMP-GS-004,Google Search — Wellness + Green Tea,acquisition,702.33,2245,96,4.3,7.32,312.75,92,5,5.65,2,50.16,1,1.09,752.07,1,702.33,1.07,0.56,active
2024-W22,27/05/2024,02/06/2024,2024-05,google,CMP-GS-005,Google Shopping — Product Catalog,acquisition,589.09,3027,163,5.41,3.61,194.55,153,11,7.4,7,67.05,4,2.78,2976.27,2,294.55,5.05,2.47,active
2024-W22,27/05/2024,02/06/2024,2024-05,meta,CMP-MT-001,Meta Prospecting — Darjeeling Loyalist,acquisition,2178.47,7607,101,1.34,21.57,286.34,88,5,6.68,3,62.28,2,2.57,1195.19,1,2178.47,0.55,0.32,active
2024-W22,27/05/2024,02/06/2024,2024-05,meta,CMP-MT-002,Meta Retargeting — Site Visitors,retargeting,928.13,3027,37,1.23,25.08,306.61,34,1,5.64,0,64.11,1,2.69,695.68,1,928.13,0.75,0.39,active
2024-W22,27/05/2024,02/06/2024,2024-05,meta,CMP-MT-003,Meta Prospecting — Gift + Festive,acquisition,1256.39,3097,42,1.37,29.91,405.61,39,1,4.71,0,51.9,2,3.12,1277.07,1,1256.39,1.02,0.57,active
2024-W23,03/06/2024,09/06/2024,2024-06,google,CMP-GS-001,Google Search — Brand + Darjeeling Intent,acquisition,1788.76,7023,295,4.21,6.06,254.69,268,17,6.69,10,62.01,9,3.68,6508.68,7,255.54,3.64,2.18,active
2024-W23,03/06/2024,09/06/2024,2024-06,google,CMP-GS-002,Google Search — First Flush Seasonal,acquisition,1284.96,4554,224,4.92,5.74,282.11,216,12,5.71,7,62.21,2,1.26,1397.99,1,1284.96,1.09,0.67,active
2024-W23,03/06/2024,09/06/2024,2024-06,google,CMP-GS-003,Google Search — Chai + Daily Tea,acquisition,996.55,4475,270,6.04,3.69,222.66,259,12,4.88,7,59.08,7,2.77,3978.0,4,249.14,3.99,2.19,active
2024-W23,03/06/2024,09/06/2024,2024-06,google,CMP-GS-004,Google Search — Wellness + Green Tea,acquisition,756.24,3649,158,4.34,4.79,207.21,150,10,6.91,6,68.73,5,3.6,3291.9,3,252.08,4.35,2.09,active
2024-W23,03/06/2024,09/06/2024,2024-06,google,CMP-GS-005,Google Shopping — Product Catalog,acquisition,569.85,3008,123,4.09,4.63,189.43,115,6,5.45,3,57.28,1,1.27,550.01,1,569.85,0.97,0.51,active
2024-W23,03/06/2024,09/06/2024,2024-06,meta,CMP-MT-001,Meta Prospecting — Darjeeling Loyalist,acquisition,2411.26,8503,163,1.92,14.79,283.56,151,7,4.72,4,62.85,3,2.54,1844.7,2,1205.63,0.77,0.44,active
2024-W23,03/06/2024,09/06/2024,2024-06,meta,CMP-MT-002,Meta Retargeting — Site Visitors,retargeting,793.04,2945,45,1.55,17.62,269.24,42,2,5.24,1,68.48,1,1.29,783.37,1,793.04,0.99,0.51,active
2024-W23,03/06/2024,09/06/2024,2024-06,meta,CMP-MT-003,Meta Prospecting — Gift + Festive,acquisition,1352.54,4811,100,2.08,13.53,281.09,88,5,5.93,3,68.52,2,3.39,1363.17,1,1352.54,1.01,0.61,active
2024-W24,10/06/2024,16/06/2024,2024-06,google,CMP-GS-001,Google Search — Brand + Darjeeling Intent,acquisition,1966.9,10314,415,4.03,4.74,190.7,361,19,5.53,9,50.69,9,2.59,6273.1,7,280.99,3.19,1.8,active
2024-W24,10/06/2024,16/06/2024,2024-06,google,CMP-GS-002,Google Search — First Flush Seasonal,acquisition,1214.86,4743,322,6.8,3.77,256.09,295,19,6.6,11,58.05,4,1.55,2959.87,2,607.43,2.44,1.25,active
2024-W24,10/06/2024,16/06/2024,2024-06,google,CMP-GS-003,Google Search — Chai + Daily Tea,acquisition,892.38,3548,177,4.99,5.04,251.46,162,9,6.15,6,68.66,5,3.24,2848.77,3,297.46,3.19,1.7,active
2024-W24,10/06/2024,16/06/2024,2024-06,google,CMP-GS-004,Google Search — Wellness + Green Tea,acquisition,690.97,3369,224,6.65,3.08,205.08,209,15,7.37,9,66.19,4,2.3,2342.58,2,345.49,3.39,1.93,active
2024-W24,10/06/2024,16/06/2024,2024-06,google,CMP-GS-005,Google Shopping — Product Catalog,acquisition,537.05,2317,91,3.93,5.9,231.72,81,5,7.13,2,57.95,1,2.26,533.93,1,537.05,0.99,0.55,active
2024-W24,10/06/2024,16/06/2024,2024-06,meta,CMP-MT-001,Meta Prospecting — Darjeeling Loyalist,acquisition,2107.11,5840,118,2.03,17.86,360.75,112,7,6.84,3,55.79,2,2.48,1432.21,1,2107.11,0.68,0.4,active
2024-W24,10/06/2024,16/06/2024,2024-06,meta,CMP-MT-002,Meta Retargeting — Site Visitors,retargeting,933.12,2410,48,2.03,19.44,387.09,43,3,7.13,1,61.36,1,1.92,666.06,1,933.12,0.71,0.36,active
2024-W24,10/06/2024,16/06/2024,2024-06,meta,CMP-MT-003,Meta Prospecting — Gift + Festive,acquisition,1435.01,4479,63,1.42,22.78,320.37,55,2,3.81,1,64.16,2,1.51,1257.33,1,1435.01,0.88,0.52,active
2024-W25,17/06/2024,23/06/2024,2024-06,google,CMP-GS-001,Google Search — Brand + Darjeeling Intent,acquisition,1635.12,7703,479,6.23,3.41,212.25,451,24,5.43,14,60.53,6,1.51,4620.06,3,545.04,2.83,1.69,active
2024-W25,17/06/2024,23/06/2024,2024-06,google,CMP-GS-002,Google Search — First Flush Seasonal,acquisition,1068.43,4104,175,4.28,6.11,260.29,163,5,3.66,3,62.59,1,1.06,574.01,1,1068.43,0.54,0.31,active
2024-W25,17/06/2024,23/06/2024,2024-06,google,CMP-GS-003,Google Search — Chai + Daily Tea,acquisition,921.46,3559,137,3.86,6.73,258.9,129,7,6.15,3,56.24,1,1.15,817.83,1,921.46,0.89,0.49,active
2024-W25,17/06/2024,23/06/2024,2024-06,google,CMP-GS-004,Google Search — Wellness + Green Tea,acquisition,644.66,2176,121,5.6,5.33,296.25,114,7,6.78,3,54.0,3,2.81,2211.77,2,322.33,3.43,2.0,active
2024-W25,17/06/2024,23/06/2024,2024-06,google,CMP-GS-005,Google Shopping — Product Catalog,acquisition,593.3,2258,101,4.49,5.87,262.68,91,3,3.93,1,54.45,3,3.39,1937.82,1,593.3,3.27,1.79,active
2024-W25,17/06/2024,23/06/2024,2024-06,meta,CMP-MT-001,Meta Prospecting — Darjeeling Loyalist,acquisition,1986.85,6304,137,2.18,14.5,315.17,119,7,6.64,4,61.07,2,1.24,1118.2,1,1986.85,0.56,0.31,active
2024-W25,17/06/2024,23/06/2024,2024-06,meta,CMP-MT-002,Meta Retargeting — Site Visitors,retargeting,970.74,2430,59,2.44,16.45,399.39,55,3,5.59,1,58.15,1,1.03,588.85,1,970.74,0.61,0.33,active
2024-W25,17/06/2024,23/06/2024,2024-06,meta,CMP-MT-003,Meta Prospecting — Gift + Festive,acquisition,1497.29,5054,108,2.14,13.86,296.25,101,6,6.55,3,65.33,2,1.18,1326.28,1,1497.29,0.89,0.53,active
2024-W26,24/06/2024,30/06/2024,2024-06,google,CMP-GS-001,Google Search — Brand + Darjeeling Intent,acquisition,1955.11,8900,572,6.43,3.42,219.66,521,22,4.26,14,65.6,16,3.19,8885.58,9,217.23,4.54,2.45,active
2024-W26,24/06/2024,30/06/2024,2024-06,google,CMP-GS-002,Google Search — First Flush Seasonal,acquisition,1244.51,4504,213,4.75,5.84,276.29,193,7,4.12,4,64.33,3,1.64,1941.21,2,622.25,1.56,0.78,active
2024-W26,24/06/2024,30/06/2024,2024-06,google,CMP-GS-003,Google Search — Chai + Daily Tea,acquisition,851.52,3093,187,6.06,4.55,275.28,170,11,6.64,6,60.61,3,1.97,1788.4,2,425.76,2.1,1.14,active
2024-W26,24/06/2024,30/06/2024,2024-06,google,CMP-GS-004,Google Search — Wellness + Green Tea,acquisition,673.85,2417,145,6.01,4.65,278.77,138,8,6.14,5,66.45,3,2.2,1705.62,2,336.93,2.53,1.32,active
2024-W26,24/06/2024,30/06/2024,2024-06,google,CMP-GS-005,Google Shopping — Product Catalog,acquisition,585.68,2575,140,5.45,4.18,227.38,131,8,6.33,4,53.54,4,3.7,2189.31,2,292.84,3.74,2.31,active
2024-W26,24/06/2024,30/06/2024,2024-06,meta,CMP-MT-001,Meta Prospecting — Darjeeling Loyalist,acquisition,2424.86,7896,102,1.3,23.77,307.08,91,3,3.82,1,50.83,3,2.01,2112.57,2,1212.43,0.87,0.42,active
2024-W26,24/06/2024,30/06/2024,2024-06,meta,CMP-MT-002,Meta Retargeting — Site Visitors,retargeting,945.71,2785,75,2.71,12.61,339.49,71,4,6.06,2,59.66,1,1.48,761.17,1,945.71,0.8,0.42,active
2024-W26,24/06/2024,30/06/2024,2024-06,meta,CMP-MT-003,Meta Prospecting — Gift + Festive,acquisition,1243.29,3657,74,2.03,16.8,339.9,66,2,4.18,1,50.79,2,1.59,1134.47,1,1243.29,0.91,0.57,active
2024-W27,01/07/2024,07/07/2024,2024-07,google,CMP-GS-001,Google Search — Brand + Darjeeling Intent,acquisition,1920.82,8371,417,4.99,4.61,229.44,387,21,5.57,13,66.21,4,1.1,2421.39,3,640.27,1.26,0.77,active
2024-W27,01/07/2024,07/07/2024,2024-07,google,CMP-GS-002,Google Search — First Flush Seasonal,acquisition,1319.52,5768,385,6.69,3.43,228.73,345,20,5.93,10,54.28,12,3.6,7179.99,8,164.94,5.44,2.94,active
2024-W27,01/07/2024,07/07/2024,2024-07,google,CMP-GS-003,Google Search — Chai + Daily Tea,acquisition,815.0,4286,200,4.68,4.08,190.13,192,12,6.71,8,71.05,6,3.44,4154.81,4,203.75,5.1,2.58,active
2024-W27,01/07/2024,07/07/2024,2024-07,google,CMP-GS-004,Google Search — Wellness + Green Tea,acquisition,778.3,3006,183,6.11,4.25,258.84,173,12,7.34,7,60.09,3,2.24,1584.62,1,778.3,2.04,1.1,active
2024-W27,01/07/2024,07/07/2024,2024-07,google,CMP-GS-005,Google Shopping — Product Catalog,acquisition,537.73,2001,135,6.78,3.98,268.71,126,5,4.42,2,56.95,4,3.67,2091.67,3,179.24,3.89,2.13,active
2024-W27,01/07/2024,07/07/2024,2024-07,meta,CMP-MT-001,Meta Prospecting — Darjeeling Loyalist,acquisition,2067.08,8663,197,2.28,10.49,238.6,187,7,3.8,4,70.49,4,2.28,3153.18,2,1033.54,1.53,0.87,active
2024-W27,01/07/2024,07/07/2024,2024-07,meta,CMP-MT-002,Meta Retargeting — Site Visitors,retargeting,996.58,2794,74,2.66,13.47,356.62,68,2,4.3,1,66.18,2,3.43,1161.66,1,996.58,1.17,0.69,active
2024-W27,01/07/2024,07/07/2024,2024-07,meta,CMP-MT-003,Meta Prospecting — Gift + Festive,acquisition,1439.85,5731,78,1.37,18.46,251.2,75,4,6.2,2,64.6,2,2.68,1364.88,1,1439.85,0.95,0.49,active
2024-W28,08/07/2024,14/07/2024,2024-07,google,CMP-GS-001,Google Search — Brand + Darjeeling Intent,acquisition,1792.35,6715,354,5.28,5.06,266.89,342,24,7.09,16,69.11,7,2.32,5563.61,4,448.09,3.1,1.5,active
2024-W28,08/07/2024,14/07/2024,2024-07,google,CMP-GS-002,Google Search — First Flush Seasonal,acquisition,1119.96,4295,170,3.96,6.59,260.73,161,8,5.41,4,61.9,3,2.36,2177.7,1,1119.96,1.94,1.1,active
2024-W28,08/07/2024,14/07/2024,2024-07,google,CMP-GS-003,Google Search — Chai + Daily Tea,acquisition,1002.93,3610,186,5.18,5.39,277.75,174,6,3.55,3,54.64,4,2.58,2815.33,2,501.46,2.81,1.61,active
2024-W28,08/07/2024,14/07/2024,2024-07,google,CMP-GS-004,Google Search — Wellness + Green Tea,acquisition,708.16,3321,173,5.21,4.09,213.2,161,7,4.96,4,60.97,2,1.51,1263.39,1,708.16,1.78,0.93,active
2024-W28,08/07/2024,14/07/2024,2024-07,google,CMP-GS-005,Google Shopping — Product Catalog,acquisition,568.27,2769,116,4.19,4.9,205.18,107,4,4.41,2,52.2,1,1.68,649.67,1,568.27,1.14,0.67,active
2024-W28,08/07/2024,14/07/2024,2024-07,meta,CMP-MT-001,Meta Prospecting — Darjeeling Loyalist,acquisition,2013.01,4887,70,1.44,28.76,411.83,66,2,4.21,1,60.99,2,3.79,1350.2,1,2013.01,0.67,0.34,active
2024-W28,08/07/2024,14/07/2024,2024-07,meta,CMP-MT-002,Meta Retargeting — Site Visitors,retargeting,961.63,3434,72,2.1,13.36,280.01,66,3,5.09,1,65.19,1,1.07,662.96,1,961.63,0.69,0.35,active
2024-W28,08/07/2024,14/07/2024,2024-07,meta,CMP-MT-003,Meta Prospecting — Gift + Festive,acquisition,1383.15,4820,85,1.78,16.27,286.93,78,5,7.23,2,55.67,1,0.96,780.21,1,1383.15,0.56,0.34,active
2024-W29,15/07/2024,21/07/2024,2024-07,google,CMP-GS-001,Google Search — Brand + Darjeeling Intent,acquisition,1669.95,6407,368,5.75,4.54,260.63,326,21,6.62,12,57.81,9,2.85,6668.62,7,238.56,3.99,2.2,active
2024-W29,15/07/2024,21/07/2024,2024-07,google,CMP-GS-002,Google Search — First Flush Seasonal,acquisition,1165.75,5296,301,5.7,3.87,220.11,266,11,4.17,7,67.77,5,1.88,3457.46,4,291.44,2.97,1.58,active
2024-W29,15/07/2024,21/07/2024,2024-07,google,CMP-GS-003,Google Search — Chai + Daily Tea,acquisition,807.41,3983,178,4.48,4.54,202.68,160,7,4.67,3,55.88,4,2.77,2613.88,3,269.14,3.24,1.88,active
2024-W29,15/07/2024,21/07/2024,2024-07,google,CMP-GS-004,Google Search — Wellness + Green Tea,acquisition,677.01,2582,172,6.7,3.94,262.17,156,6,4.24,3,50.51,4,3.01,3208.52,3,225.67,4.74,2.5,active
2024-W29,15/07/2024,21/07/2024,2024-07,google,CMP-GS-005,Google Shopping — Product Catalog,acquisition,539.53,2652,108,4.11,5.0,203.37,94,6,7.01,3,62.07,1,0.98,749.5,1,539.53,1.39,0.78,active
2024-W29,15/07/2024,21/07/2024,2024-07,meta,CMP-MT-001,Meta Prospecting — Darjeeling Loyalist,acquisition,2074.57,8263,185,2.25,11.21,251.05,177,8,4.74,4,55.44,3,1.72,1678.15,2,1037.29,0.81,0.43,active
2024-W29,15/07/2024,21/07/2024,2024-07,meta,CMP-MT-002,Meta Retargeting — Site Visitors,retargeting,798.17,2262,58,2.58,13.76,352.71,52,2,5.4,1,71.45,1,2.47,653.45,1,798.17,0.82,0.48,active
2024-W29,15/07/2024,21/07/2024,2024-07,meta,CMP-MT-003,Meta Prospecting — Gift + Festive,acquisition,1466.4,5741,124,2.16,11.83,255.41,115,6,6.04,3,62.41,2,2.42,1225.8,1,1466.4,0.84,0.44,active
2024-W30,22/07/2024,28/07/2024,2024-07,google,CMP-GS-001,Google Search — Brand + Darjeeling Intent,acquisition,1817.14,6209,318,5.13,5.71,292.66,288,13,4.54,7,56.68,2,0.9,1548.77,1,1817.14,0.85,0.43,active
2024-W30,22/07/2024,28/07/2024,2024-07,google,CMP-GS-002,Google Search — First Flush Seasonal,acquisition,1191.13,6575,431,6.57,2.76,181.16,415,22,5.41,11,50.2,8,2.15,4714.92,4,297.78,3.96,2.29,active
2024-W30,22/07/2024,28/07/2024,2024-07,google,CMP-GS-003,Google Search — Chai + Daily Tea,acquisition,872.71,3672,201,5.48,4.34,237.64,182,7,4.15,4,66.22,3,2.03,1796.68,2,436.36,2.06,1.17,active
2024-W30,22/07/2024,28/07/2024,2024-07,google,CMP-GS-004,Google Search — Wellness + Green Tea,acquisition,656.25,2286,149,6.53,4.4,287.04,141,8,6.24,4,56.26,4,3.05,2575.48,3,218.75,3.92,1.99,active
2024-W30,22/07/2024,28/07/2024,2024-07,google,CMP-GS-005,Google Shopping — Product Catalog,acquisition,554.27,2513,143,5.71,3.88,220.54,133,6,4.59,3,63.7,1,1.44,534.89,1,554.27,0.97,0.6,active
2024-W30,22/07/2024,28/07/2024,2024-07,meta,CMP-MT-001,Meta Prospecting — Darjeeling Loyalist,acquisition,2034.18,8459,137,1.63,14.85,240.45,128,8,6.41,4,55.12,2,1.34,1245.15,1,2034.18,0.61,0.34,active
2024-W30,22/07/2024,28/07/2024,2024-07,meta,CMP-MT-002,Meta Retargeting — Site Visitors,retargeting,964.68,2299,44,1.94,21.92,419.59,41,1,4.82,0,68.56,1,3.66,752.7,1,964.68,0.78,0.48,active
2024-W30,22/07/2024,28/07/2024,2024-07,meta,CMP-MT-003,Meta Prospecting — Gift + Festive,acquisition,1389.97,5378,137,2.55,10.15,258.44,130,8,6.81,4,52.68,4,3.13,3005.47,2,694.99,2.16,1.27,active
2024-W31,29/07/2024,04/08/2024,2024-07,google,CMP-GS-001,Google Search — Brand + Darjeeling Intent,acquisition,1902.65,10301,533,5.18,3.57,184.69,504,28,5.58,20,71.61,11,2.27,6749.96,7,271.81,3.55,1.86,active
2024-W31,29/07/2024,04/08/2024,2024-07,google,CMP-GS-002,Google Search — First Flush Seasonal,acquisition,1237.2,6654,439,6.61,2.82,185.91,404,18,4.51,11,64.05,5,1.48,3895.49,3,412.4,3.15,1.56,active
2024-W31,29/07/2024,04/08/2024,2024-07,google,CMP-GS-003,Google Search — Chai + Daily Tea,acquisition,816.39,3039,144,4.77,5.67,268.61,127,5,4.6,2,52.63,4,3.19,2130.39,3,272.13,2.61,1.61,active
2024-W31,29/07/2024,04/08/2024,2024-07,google,CMP-GS-004,Google Search — Wellness + Green Tea,acquisition,695.85,2641,129,4.91,5.39,263.47,113,4,4.13,2,52.01,3,2.69,2457.28,2,347.93,3.53,1.73,active
2024-W31,29/07/2024,04/08/2024,2024-07,google,CMP-GS-005,Google Shopping — Product Catalog,acquisition,536.61,1985,117,5.9,4.59,270.24,111,4,4.0,2,55.12,4,3.75,2988.04,3,178.87,5.57,2.84,active
2024-W31,29/07/2024,04/08/2024,2024-07,meta,CMP-MT-001,Meta Prospecting — Darjeeling Loyalist,acquisition,2167.64,8382,192,2.3,11.29,258.59,173,6,4.04,4,69.77,3,2.31,1825.24,2,1083.82,0.84,0.47,active
2024-W31,29/07/2024,04/08/2024,2024-07,meta,CMP-MT-002,Meta Retargeting — Site Visitors,retargeting,832.99,3237,56,1.76,14.87,257.33,52,2,4.6,1,68.29,1,3.55,540.66,1,832.99,0.65,0.35,active
2024-W31,29/07/2024,04/08/2024,2024-07,meta,CMP-MT-003,Meta Prospecting — Gift + Festive,acquisition,1331.35,4882,87,1.79,15.3,272.67,75,4,6.05,2,58.34,1,1.44,777.05,1,1331.35,0.58,0.36,active
2024-W32,05/08/2024,11/08/2024,2024-08,google,CMP-GS-001,Google Search — Brand + Darjeeling Intent,acquisition,1687.16,6005,346,5.77,4.88,280.94,319,16,5.05,9,61.53,7,2.34,4927.38,4,421.79,2.92,1.59,active
2024-W32,05/08/2024,11/08/2024,2024-08,google,CMP-GS-002,Google Search — First Flush Seasonal,acquisition,1240.58,6346,340,5.37,3.65,195.46,298,20,6.84,10,52.86,10,3.43,6656.11,6,206.76,5.37,3.17,active
2024-W32,05/08/2024,11/08/2024,2024-08,google,CMP-GS-003,Google Search — Chai + Daily Tea,acquisition,915.34,3081,177,5.77,5.17,297.08,163,10,6.31,5,55.63,3,1.96,1623.79,2,457.67,1.77,0.95,active
2024-W32,05/08/2024,11/08/2024,2024-08,google,CMP-GS-004,Google Search — Wellness + Green Tea,acquisition,651.07,2616,169,6.47,3.85,248.8,148,9,6.7,4,51.34,3,2.52,1934.36,2,325.54,2.97,1.45,active
2024-W32,05/08/2024,11/08/2024,2024-08,google,CMP-GS-005,Google Shopping — Product Catalog,acquisition,630.01,2133,98,4.6,6.43,295.31,85,3,3.78,1,56.69,3,3.64,1647.41,2,315.0,2.61,1.27,active
2024-W32,05/08/2024,11/08/2024,2024-08,meta,CMP-MT-001,Meta Prospecting — Darjeeling Loyalist,acquisition,2216.72,8595,175,2.04,12.67,257.89,156,9,6.0,4,53.94,4,3.07,2206.62,3,738.91,1.0,0.56,active
2024-W32,05/08/2024,11/08/2024,2024-08,meta,CMP-MT-002,Meta Retargeting — Site Visitors,retargeting,869.32,2788,63,2.26,13.8,311.74,60,2,4.17,1,53.97,1,2.06,567.45,1,869.32,0.65,0.37,active
2024-W32,05/08/2024,11/08/2024,2024-08,meta,CMP-MT-003,Meta Prospecting — Gift + Festive,acquisition,1380.85,4754,80,1.7,17.26,290.46,77,3,4.8,1,58.18,2,3.12,1475.52,1,1380.85,1.07,0.6,active
2024-W33,12/08/2024,18/08/2024,2024-08,google,CMP-GS-001,Google Search — Brand + Darjeeling Intent,acquisition,1827.28,8703,530,6.1,3.45,209.95,510,23,4.52,16,71.16,11,2.2,8116.83,9,203.03,4.44,2.51,active
2024-W33,12/08/2024,18/08/2024,2024-08,google,CMP-GS-002,Google Search — First Flush Seasonal,acquisition,1227.58,4862,329,6.78,3.73,252.47,296,13,4.7,7,54.88,10,3.38,7665.82,7,175.37,6.24,3.85,active
2024-W33,12/08/2024,18/08/2024,2024-08,google,CMP-GS-003,Google Search — Chai + Daily Tea,acquisition,851.61,3307,180,5.47,4.73,257.51,173,7,4.12,3,50.83,3,1.93,1890.37,2,425.81,2.22,1.33,active
2024-W33,12/08/2024,18/08/2024,2024-08,google,CMP-GS-004,Google Search — Wellness + Green Tea,acquisition,655.14,2231,91,4.08,7.2,293.55,82,5,7.17,3,66.15,2,3.0,1143.74,1,655.14,1.75,0.89,active
2024-W33,12/08/2024,18/08/2024,2024-08,google,CMP-GS-005,Google Shopping — Product Catalog,acquisition,627.3,2406,156,6.52,4.02,260.67,145,6,4.7,3,66.08,3,2.57,1610.33,2,313.65,2.57,1.56,active
2024-W33,12/08/2024,18/08/2024,2024-08,meta,CMP-MT-001,Meta Prospecting — Darjeeling Loyalist,acquisition,2119.71,5528,103,1.87,20.58,383.43,98,6,6.98,3,54.99,3,2.79,1570.29,2,1059.86,0.74,0.4,active
2024-W33,12/08/2024,18/08/2024,2024-08,meta,CMP-MT-002,Meta Retargeting — Site Visitors,retargeting,874.62,3112,39,1.27,22.43,280.96,36,1,4.1,0,61.05,1,1.54,739.47,1,874.62,0.85,0.52,active
2024-W33,12/08/2024,18/08/2024,2024-08,meta,CMP-MT-003,Meta Prospecting — Gift + Festive,acquisition,1381.73,4075,81,2.01,17.06,339.03,72,3,4.66,1,58.68,2,1.28,1382.86,1,1381.73,1.0,0.61,active
2024-W34,19/08/2024,25/08/2024,2024-08,google,CMP-GS-001,Google Search — Brand + Darjeeling Intent,acquisition,1756.45,9152,485,5.31,3.62,191.91,459,18,4.02,9,52.97,11,2.52,7872.42,7,250.92,4.48,2.47,active
2024-W34,19/08/2024,25/08/2024,2024-08,google,CMP-GS-002,Google Search — First Flush Seasonal,acquisition,1233.41,4358,197,4.54,6.26,282.99,172,11,6.61,6,57.12,6,3.58,4329.15,4,308.35,3.51,2.13,active
2024-W34,19/08/2024,25/08/2024,2024-08,google,CMP-GS-003,Google Search — Chai + Daily Tea,acquisition,867.23,3856,215,5.58,4.03,224.9,187,8,4.72,5,71.73,5,2.69,3263.32,3,289.08,3.76,1.81,active
2024-W34,19/08/2024,25/08/2024,2024-08,google,CMP-GS-004,Google Search — Wellness + Green Tea,acquisition,623.54,2116,93,4.4,6.7,294.54,84,5,6.53,3,68.76,1,1.23,804.68,1,623.54,1.29,0.79,active
2024-W34,19/08/2024,25/08/2024,2024-08,google,CMP-GS-005,Google Shopping — Product Catalog,acquisition,653.1,2215,85,3.84,7.68,294.82,79,3,3.95,1,59.9,1,0.97,681.4,1,653.1,1.04,0.62,active
2024-W34,19/08/2024,25/08/2024,2024-08,meta,CMP-MT-001,Meta Prospecting — Darjeeling Loyalist,acquisition,2212.28,8141,160,1.97,13.83,271.73,150,6,4.07,3,65.37,2,0.95,1438.12,1,2212.28,0.65,0.35,active
2024-W34,19/08/2024,25/08/2024,2024-08,meta,CMP-MT-002,Meta Retargeting — Site Visitors,retargeting,828.79,2994,73,2.46,11.35,276.8,68,2,3.71,1,64.4,1,0.92,601.39,1,828.79,0.73,0.41,active
2024-W34,19/08/2024,25/08/2024,2024-08,meta,CMP-MT-003,Meta Prospecting — Gift + Festive,acquisition,1453.79,3700,45,1.23,32.31,392.86,43,2,6.1,1,55.09,2,2.0,1099.76,1,1453.79,0.76,0.37,active
2024-W35,26/08/2024,01/09/2024,2024-08,google,CMP-GS-001,Google Search — Brand + Darjeeling Intent,acquisition,1958.45,7697,335,4.36,5.85,254.42,308,16,5.33,11,70.38,2,0.96,1357.65,1,1958.45,0.69,0.41,active
2024-W35,26/08/2024,01/09/2024,2024-08,google,CMP-GS-002,Google Search — First Flush Seasonal,acquisition,1169.3,5789,280,4.84,4.18,201.98,253,15,6.0,8,55.2,9,3.74,6872.11,7,167.04,5.88,3.23,active
2024-W35,26/08/2024,01/09/2024,2024-08,google,CMP-GS-003,Google Search — Chai + Daily Tea,acquisition,981.79,3222,201,6.24,4.88,304.66,175,10,5.72,5,56.16,2,1.34,1434.16,1,981.79,1.46,0.72,active
2024-W35,26/08/2024,01/09/2024,2024-08,google,CMP-GS-004,Google Search — Wellness + Green Tea,acquisition,680.21,2162,121,5.64,5.62,314.48,112,4,4.41,2,55.29,1,1.34,792.92,1,680.21,1.17,0.56,active
2024-W35,26/08/2024,01/09/2024,2024-08,google,CMP-GS-005,Google Shopping — Product Catalog,acquisition,606.08,2900,122,4.22,4.97,208.95,112,7,6.7,4,68.98,2,1.8,1354.28,1,606.08,2.23,1.16,active
2024-W35,26/08/2024,01/09/2024,2024-08,meta,CMP-MT-001,Meta Prospecting — Darjeeling Loyalist,acquisition,2461.72,5929,84,1.43,29.31,415.16,80,5,7.17,2,56.98,3,2.52,1666.55,2,1230.86,0.68,0.33,active
2024-W35,26/08/2024,01/09/2024,2024-08,meta,CMP-MT-002,Meta Retargeting — Site Visitors,retargeting,982.0,2687,65,2.42,15.11,365.42,62,3,5.16,1,59.05,1,2.18,788.24,1,982.0,0.8,0.39,active
2024-W35,26/08/2024,01/09/2024,2024-08,meta,CMP-MT-003,Meta Prospecting — Gift + Festive,acquisition,1324.0,3522,48,1.37,27.58,375.82,42,2,6.55,1,63.46,2,1.67,1178.55,1,1324.0,0.89,0.48,active
2024-W36,02/09/2024,08/09/2024,2024-09,google,CMP-GS-001,Google Search — Brand + Darjeeling Intent,acquisition,1880.95,8167,478,5.86,3.94,230.3,438,24,5.51,15,63.3,12,2.96,9307.67,8,235.12,4.95,2.81,active
2024-W36,02/09/2024,08/09/2024,2024-09,google,CMP-GS-002,Google Search — First Flush Seasonal,acquisition,1095.6,5291,206,3.9,5.32,207.06,194,6,3.56,3,55.94,4,2.1,3265.89,3,365.2,2.98,1.54,active
2024-W36,02/09/2024,08/09/2024,2024-09,google,CMP-GS-003,Google Search — Chai + Daily Tea,acquisition,806.29,2602,175,6.76,4.61,309.79,167,9,5.46,5,57.15,3,2.23,1924.38,1,806.29,2.39,1.4,active
2024-W36,02/09/2024,08/09/2024,2024-09,google,CMP-GS-004,Google Search — Wellness + Green Tea,acquisition,739.54,3170,150,4.74,4.93,233.25,139,8,6.47,5,63.06,3,2.42,2268.23,2,369.77,3.07,1.53,active
2024-W36,02/09/2024,08/09/2024,2024-09,google,CMP-GS-005,Google Shopping — Product Catalog,acquisition,593.03,2004,78,3.93,7.6,295.78,75,4,5.57,2,58.7,2,3.03,1349.68,1,593.03,2.28,1.23,active
2024-W36,02/09/2024,08/09/2024,2024-09,meta,CMP-MT-001,Meta Prospecting — Darjeeling Loyalist,acquisition,1962.03,7051,129,1.84,15.21,278.24,116,7,6.81,4,60.15,3,2.13,1609.09,2,981.01,0.82,0.44,active
2024-W36,02/09/2024,08/09/2024,2024-09,meta,CMP-MT-002,Meta Retargeting — Site Visitors,retargeting,822.72,2131,40,1.92,20.57,385.98,37,1,3.95,0,67.13,1,3.62,560.59,1,822.72,0.68,0.36,active
2024-W36,02/09/2024,08/09/2024,2024-09,meta,CMP-MT-003,Meta Prospecting — Gift + Festive,acquisition,1383.5,5408,115,2.14,12.03,255.78,108,4,4.31,2,60.0,2,1.63,1584.3,1,1383.5,1.15,0.6,active
2024-W37,09/09/2024,15/09/2024,2024-09,google,CMP-GS-001,Google Search — Brand + Darjeeling Intent,acquisition,1894.34,9601,397,4.14,4.77,197.3,363,17,4.95,10,61.52,7,2.01,4714.5,6,315.72,2.49,1.27,active
2024-W37,09/09/2024,15/09/2024,2024-09,google,CMP-GS-002,Google Search — First Flush Seasonal,acquisition,1165.06,4994,304,6.1,3.83,233.28,292,16,5.76,10,64.51,3,1.34,1720.98,2,582.53,1.48,0.74,active
2024-W37,09/09/2024,15/09/2024,2024-09,google,CMP-GS-003,Google Search — Chai + Daily Tea,acquisition,882.63,3952,241,6.11,3.66,223.33,220,13,6.01,6,52.59,2,1.28,1413.54,1,882.63,1.6,0.95,active
2024-W37,09/09/2024,15/09/2024,2024-09,google,CMP-GS-004,Google Search — Wellness + Green Tea,acquisition,693.05,2312,125,5.43,5.54,299.76,108,7,7.03,3,55.23,2,2.61,1286.09,1,693.05,1.86,1.03,active
2024-W37,09/09/2024,15/09/2024,2024-09,google,CMP-GS-005,Google Shopping — Product Catalog,acquisition,614.41,2867,155,5.44,3.96,214.26,144,8,5.73,5,68.16,1,1.04,715.98,1,614.41,1.17,0.7,active
2024-W37,09/09/2024,15/09/2024,2024-09,meta,CMP-MT-001,Meta Prospecting — Darjeeling Loyalist,acquisition,2386.82,6753,171,2.54,13.96,353.4,153,10,7.18,5,51.08,3,2.11,2164.88,2,1193.41,0.91,0.54,active
2024-W37,09/09/2024,15/09/2024,2024-09,meta,CMP-MT-002,Meta Retargeting — Site Visitors,retargeting,941.37,2776,68,2.46,13.84,338.99,60,3,5.32,1,62.74,2,3.6,1219.58,1,941.37,1.3,0.79,active
2024-W37,09/09/2024,15/09/2024,2024-09,meta,CMP-MT-003,Meta Prospecting — Gift + Festive,acquisition,1359.32,5820,109,1.88,12.47,233.53,100,4,4.67,2,52.96,2,2.91,1356.23,1,1359.32,1.0,0.58,active
2024-W38,16/09/2024,22/09/2024,2024-09,google,CMP-GS-001,Google Search — Brand + Darjeeling Intent,acquisition,1884.6,7093,292,4.13,6.45,265.69,275,16,6.02,11,71.72,6,2.3,4801.01,5,376.92,2.55,1.33,active
2024-W38,16/09/2024,22/09/2024,2024-09,google,CMP-GS-002,Google Search — First Flush Seasonal,acquisition,1138.71,4293,203,4.75,5.61,265.24,187,13,7.48,7,57.78,2,1.28,1351.82,1,1138.71,1.19,0.64,active
2024-W38,16/09/2024,22/09/2024,2024-09,google,CMP-GS-003,Google Search — Chai + Daily Tea,acquisition,898.38,4378,246,5.63,3.65,205.19,231,17,7.42,8,50.03,2,0.97,1110.76,1,898.38,1.24,0.66,active
2024-W38,16/09/2024,22/09/2024,2024-09,google,CMP-GS-004,Google Search — Wellness + Green Tea,acquisition,750.33,2345,118,5.04,6.36,319.86,106,6,5.74,3,64.03,1,0.93,604.49,1,750.33,0.81,0.48,active
2024-W38,16/09/2024,22/09/2024,2024-09,google,CMP-GS-005,Google Shopping — Product Catalog,acquisition,572.32,2280,108,4.77,5.3,250.94,94,5,6.24,2,57.51,2,3.0,1057.47,1,572.32,1.85,0.99,active
2024-W38,16/09/2024,22/09/2024,2024-09,meta,CMP-MT-001,Meta Prospecting — Darjeeling Loyalist,acquisition,2110.51,7338,167,2.28,12.64,287.59,160,10,6.69,6,64.2,3,2.3,2362.85,2,1055.26,1.12,0.6,active
2024-W38,16/09/2024,22/09/2024,2024-09,meta,CMP-MT-002,Meta Retargeting — Site Visitors,retargeting,864.38,2294,42,1.86,20.58,376.8,39,2,6.84,1,56.59,1,3.0,680.77,1,864.38,0.79,0.45,active
2024-W38,16/09/2024,22/09/2024,2024-09,meta,CMP-MT-003,Meta Prospecting — Gift + Festive,acquisition,1462.33,3849,100,2.62,14.62,379.91,90,6,7.38,3,56.17,2,0.99,1415.91,1,1462.33,0.97,0.47,active
2024-W39,23/09/2024,29/09/2024,2024-09,google,CMP-GS-001,Google Search — Brand + Darjeeling Intent,acquisition,1830.66,7805,436,5.59,4.2,234.54,417,27,6.51,17,65.52,7,1.81,4509.13,5,366.13,2.46,1.52,active
2024-W39,23/09/2024,29/09/2024,2024-09,google,CMP-GS-002,Google Search — First Flush Seasonal,acquisition,1124.44,4622,307,6.65,3.66,243.27,273,12,4.71,6,52.47,8,3.18,6352.05,5,224.89,5.65,2.89,active
2024-W39,23/09/2024,29/09/2024,2024-09,google,CMP-GS-003,Google Search — Chai + Daily Tea,acquisition,797.39,3220,170,5.3,4.69,247.57,151,10,7.19,6,66.11,3,2.42,1688.97,2,398.69,2.12,1.08,active
2024-W39,23/09/2024,29/09/2024,2024-09,google,CMP-GS-004,Google Search — Wellness + Green Tea,acquisition,754.12,2422,141,5.83,5.35,311.32,124,7,6.4,4,60.11,3,2.97,1563.7,2,377.06,2.07,1.13,active
2024-W39,23/09/2024,29/09/2024,2024-09,google,CMP-GS-005,Google Shopping — Product Catalog,acquisition,626.94,2381,96,4.06,6.53,263.2,88,3,3.68,1,61.45,2,2.81,1386.54,1,626.94,2.21,1.27,active
2024-W39,23/09/2024,29/09/2024,2024-09,meta,CMP-MT-001,Meta Prospecting — Darjeeling Loyalist,acquisition,2407.05,8470,127,1.51,18.95,284.18,114,5,4.78,2,59.7,3,1.24,1806.27,1,2407.05,0.75,0.45,active
2024-W39,23/09/2024,29/09/2024,2024-09,meta,CMP-MT-002,Meta Retargeting — Site Visitors,retargeting,926.56,2870,43,1.53,21.55,322.81,38,1,4.77,0,53.11,1,2.94,593.45,1,926.56,0.64,0.37,active
2024-W39,23/09/2024,29/09/2024,2024-09,meta,CMP-MT-003,Meta Prospecting — Gift + Festive,acquisition,1438.06,4997,95,1.91,15.14,287.75,83,4,5.38,2,64.86,2,1.21,1295.88,1,1438.06,0.9,0.55,active
2024-W40,30/09/2024,06/10/2024,2024-09,google,CMP-GS-001,Google Search — Brand + Darjeeling Intent,acquisition,1841.52,7002,441,6.31,4.18,262.99,414,24,5.97,13,56.87,13,3.27,9376.39,9,204.61,5.09,2.65,active
2024-W40,30/09/2024,06/10/2024,2024-09,google,CMP-GS-002,Google Search — First Flush Seasonal,acquisition,1336.42,4676,243,5.2,5.5,285.8,214,14,6.75,9,70.23,4,2.26,2901.37,3,445.47,2.17,1.21,active
2024-W40,30/09/2024,06/10/2024,2024-09,google,CMP-GS-003,Google Search — Chai + Daily Tea,acquisition,892.53,4201,187,4.47,4.77,212.44,178,10,5.97,7,70.08,3,2.04,2158.66,2,446.26,2.42,1.26,active
2024-W40,30/09/2024,06/10/2024,2024-09,google,CMP-GS-004,Google Search — Wellness + Green Tea,acquisition,764.24,3139,122,3.89,6.26,243.46,111,5,4.91,3,60.15,1,1.4,701.33,1,764.24,0.92,0.47,active
2024-W40,30/09/2024,06/10/2024,2024-09,google,CMP-GS-005,Google Shopping — Product Catalog,acquisition,542.82,1843,114,6.19,4.76,294.46,102,6,6.1,4,67.43,2,2.44,1288.07,1,542.82,2.37,1.34,active
2024-W40,30/09/2024,06/10/2024,2024-09,meta,CMP-MT-001,Meta Prospecting — Darjeeling Loyalist,acquisition,2225.32,5365,97,1.81,22.94,414.78,87,5,6.76,3,63.0,2,3.17,1512.4,1,2225.32,0.68,0.38,active
2024-W40,30/09/2024,06/10/2024,2024-09,meta,CMP-MT-002,Meta Retargeting — Site Visitors,retargeting,843.01,2391,31,1.32,27.19,352.52,29,1,5.8,0,60.71,1,2.62,686.53,1,843.01,0.81,0.45,active
2024-W40,30/09/2024,06/10/2024,2024-09,meta,CMP-MT-003,Meta Prospecting — Gift + Festive,acquisition,1291.19,3140,41,1.31,31.49,411.18,36,2,6.76,1,66.97,2,2.0,1436.1,1,1291.19,1.11,0.61,active
2024-W41,07/10/2024,13/10/2024,2024-10,google,CMP-GS-001,Google Search — Brand + Darjeeling Intent,acquisition,2518.05,8277,538,6.51,4.68,304.22,502,17,3.5,9,53.23,6,1.33,3821.97,4,629.51,1.52,0.83,active
2024-W41,07/10/2024,13/10/2024,2024-10,google,CMP-GS-002,Google Search — First Flush Seasonal,acquisition,1112.35,4038,191,4.75,5.82,275.41,177,12,7.15,6,56.7,6,3.64,4888.64,4,278.09,4.39,2.46,active
2024-W41,07/10/2024,13/10/2024,2024-10,google,CMP-GS-003,Google Search — Chai + Daily Tea,acquisition,811.29,4478,302,6.76,2.69,181.14,274,10,4.01,5,56.47,5,1.97,2679.69,4,202.82,3.3,1.79,active
2024-W41,07/10/2024,13/10/2024,2024-10,google,CMP-GS-004,Google Search — Wellness + Green Tea,acquisition,753.89,3273,208,6.38,3.62,230.29,198,8,4.44,5,65.45,4,2.04,2539.35,2,376.94,3.37,1.94,active
2024-W41,07/10/2024,13/10/2024,2024-10,google,CMP-GS-005,Google Shopping — Product Catalog,acquisition,606.5,2223,116,5.22,5.23,272.75,103,5,5.04,3,70.34,3,3.34,2457.71,2,303.25,4.05,2.42,active
2024-W41,07/10/2024,13/10/2024,2024-10,meta,CMP-MT-001,Meta Prospecting — Darjeeling Loyalist,acquisition,2006.9,8563,105,1.23,19.11,234.35,98,5,5.45,2,59.61,3,3.77,2138.02,2,1003.45,1.07,0.65,active
2024-W41,07/10/2024,13/10/2024,2024-10,meta,CMP-MT-002,Meta Retargeting — Site Visitors,retargeting,890.5,2357,51,2.17,17.46,377.79,46,1,4.22,0,61.21,1,2.5,626.59,1,890.5,0.7,0.39,active
2024-W41,07/10/2024,13/10/2024,2024-10,meta,CMP-MT-003,Meta Prospecting — Gift + Festive,acquisition,3157.3,9408,239,2.55,13.21,335.59,213,11,5.51,6,59.04,5,2.48,4067.35,3,1052.43,1.29,0.73,active
2024-W42,14/10/2024,20/10/2024,2024-10,google,CMP-GS-001,Google Search — Brand + Darjeeling Intent,acquisition,2455.06,12536,656,5.24,3.74,195.84,616,25,4.07,16,66.09,23,3.75,17334.2,17,144.42,7.06,3.41,active
2024-W42,14/10/2024,20/10/2024,2024-10,google,CMP-GS-002,Google Search — First Flush Seasonal,acquisition,1078.53,3540,144,4.07,7.49,304.59,132,8,6.47,5,71.13,1,1.13,759.43,1,1078.53,0.7,0.37,active
2024-W42,14/10/2024,20/10/2024,2024-10,google,CMP-GS-003,Google Search — Chai + Daily Tea,acquisition,803.4,3522,216,6.14,3.72,228.1,198,10,5.55,6,60.32,5,3.03,4040.87,4,200.85,5.03,2.82,active
2024-W42,14/10/2024,20/10/2024,2024-10,google,CMP-GS-004,Google Search — Wellness + Green Tea,acquisition,664.59,3593,236,6.57,2.82,184.95,223,14,6.41,8,62.4,2,1.08,1141.45,1,664.59,1.72,0.95,active
2024-W42,14/10/2024,20/10/2024,2024-10,google,CMP-GS-005,Google Shopping — Product Catalog,acquisition,670.61,2286,129,5.67,5.2,293.25,115,4,3.83,2,61.12,3,3.37,1679.28,2,335.31,2.5,1.46,active
2024-W42,14/10/2024,20/10/2024,2024-10,meta,CMP-MT-001,Meta Prospecting — Darjeeling Loyalist,acquisition,2388.95,10720,147,1.38,16.25,222.84,130,7,5.87,3,53.32,3,2.2,1795.13,2,1194.47,0.75,0.38,active
2024-W42,14/10/2024,20/10/2024,2024-10,meta,CMP-MT-002,Meta Retargeting — Site Visitors,retargeting,896.74,2360,60,2.58,14.95,379.87,54,2,3.84,1,53.19,1,3.61,668.78,1,896.74,0.75,0.45,active
2024-W42,14/10/2024,20/10/2024,2024-10,meta,CMP-MT-003,Meta Prospecting — Gift + Festive,acquisition,3279.86,12257,232,1.9,14.14,267.59,216,9,4.34,5,66.16,4,1.9,2986.58,2,1639.93,0.91,0.48,active
2024-W43,21/10/2024,27/10/2024,2024-10,google,CMP-GS-001,Google Search — Brand + Darjeeling Intent,acquisition,2153.32,9131,429,4.7,5.02,235.82,405,26,6.51,16,61.72,8,2.0,5299.01,5,430.66,2.46,1.28,active
2024-W43,21/10/2024,27/10/2024,2024-10,google,CMP-GS-002,Google Search — First Flush Seasonal,acquisition,1306.64,7192,473,6.58,2.76,181.66,432,26,6.21,18,71.16,12,2.88,9543.76,9,145.18,7.3,4.49,active
2024-W43,21/10/2024,27/10/2024,2024-10,google,CMP-GS-003,Google Search — Chai + Daily Tea,acquisition,998.54,4152,271,6.55,3.68,240.45,259,12,4.84,6,55.88,3,1.19,1912.04,2,499.27,1.91,1.01,active
2024-W43,21/10/2024,27/10/2024,2024-10,google,CMP-GS-004,Google Search — Wellness + Green Tea,acquisition,741.85,2623,146,5.57,5.08,282.8,129,6,4.85,3,65.19,1,1.42,721.84,1,741.85,0.97,0.53,active
2024-W43,21/10/2024,27/10/2024,2024-10,google,CMP-GS-005,Google Shopping — Product Catalog,acquisition,529.72,2735,112,4.11,4.73,193.68,102,4,4.38,2,56.23,1,1.46,547.58,1,529.72,1.03,0.64,active
2024-W43,21/10/2024,27/10/2024,2024-10,meta,CMP-MT-001,Meta Prospecting — Darjeeling Loyalist,acquisition,2282.69,5897,160,2.72,14.27,387.09,149,9,6.33,4,52.64,5,3.38,3584.59,4,570.67,1.57,0.95,active
2024-W43,21/10/2024,27/10/2024,2024-10,meta,CMP-MT-002,Meta Retargeting — Site Visitors,retargeting,914.27,2211,58,2.63,15.76,413.43,54,2,4.51,1,60.27,1,3.61,796.81,1,914.27,0.87,0.46,active
2024-W43,21/10/2024,27/10/2024,2024-10,meta,CMP-MT-003,Meta Prospecting — Gift + Festive,acquisition,3026.03,7552,183,2.43,16.54,400.68,165,6,4.15,3,51.63,5,3.15,3098.98,3,1008.68,1.02,0.58,active
2024-W44,28/10/2024,03/11/2024,2024-10,google,CMP-GS-001,Google Search — Brand + Darjeeling Intent,acquisition,2595.87,11959,612,5.12,4.24,217.05,562,40,7.21,25,63.43,7,1.42,3942.13,5,519.17,1.52,0.84,active
2024-W44,28/10/2024,03/11/2024,2024-10,google,CMP-GS-002,Google Search — First Flush Seasonal,acquisition,1118.9,4142,270,6.54,4.14,270.07,254,9,3.91,4,51.6,6,2.56,3922.59,5,223.78,3.51,2.05,active
2024-W44,28/10/2024,03/11/2024,2024-10,google,CMP-GS-003,Google Search — Chai + Daily Tea,acquisition,824.15,3056,201,6.6,4.1,269.65,188,8,4.57,5,65.4,6,3.52,4047.69,5,164.83,4.91,2.65,active
2024-W44,28/10/2024,03/11/2024,2024-10,google,CMP-GS-004,Google Search — Wellness + Green Tea,acquisition,698.43,2897,183,6.33,3.82,241.05,173,11,6.64,6,61.88,1,0.91,765.39,1,698.43,1.1,0.53,active
2024-W44,28/10/2024,03/11/2024,2024-10,google,CMP-GS-005,Google Shopping — Product Catalog,acquisition,609.68,1960,95,4.88,6.42,310.91,89,4,5.1,2,63.91,3,3.68,2041.16,2,304.84,3.35,2.03,active
2024-W44,28/10/2024,03/11/2024,2024-10,meta,CMP-MT-001,Meta Prospecting — Darjeeling Loyalist,acquisition,1978.48,6342,154,2.43,12.85,311.93,143,6,4.21,3,50.87,2,2.01,1457.53,1,1978.48,0.74,0.44,active
2024-W44,28/10/2024,03/11/2024,2024-10,meta,CMP-MT-002,Meta Retargeting — Site Visitors,retargeting,928.21,3180,42,1.34,22.1,291.85,39,2,6.44,1,53.08,1,1.46,697.88,1,928.21,0.75,0.39,active
2024-W44,28/10/2024,03/11/2024,2024-10,meta,CMP-MT-003,Meta Prospecting — Gift + Festive,acquisition,2756.96,8402,141,1.69,19.55,328.11,130,8,6.84,4,59.88,4,3.79,2147.27,3,918.99,0.78,0.48,active
2024-W45,04/11/2024,10/11/2024,2024-11,google,CMP-GS-001,Google Search — Brand + Darjeeling Intent,acquisition,1923.0,9783,608,6.22,3.16,196.55,569,30,5.33,19,64.92,19,3.44,13182.27,16,120.19,6.86,4.11,active
2024-W45,04/11/2024,10/11/2024,2024-11,google,CMP-GS-002,Google Search — First Flush Seasonal,acquisition,1066.62,5337,307,5.76,3.47,199.82,281,20,7.17,10,51.01,8,2.93,4573.4,5,213.32,4.29,2.58,active
2024-W45,04/11/2024,10/11/2024,2024-11,google,CMP-GS-003,Google Search — Chai + Daily Tea,acquisition,858.38,2948,152,5.17,5.65,291.12,134,7,5.86,4,67.99,1,1.21,759.75,1,858.38,0.89,0.49,active
2024-W45,04/11/2024,10/11/2024,2024-11,google,CMP-GS-004,Google Search — Wellness + Green Tea,acquisition,751.15,3134,195,6.23,3.85,239.67,188,11,6.21,6,57.13,7,3.73,3928.39,5,150.23,5.23,2.82,active
2024-W45,04/11/2024,10/11/2024,2024-11,google,CMP-GS-005,Google Shopping — Product Catalog,acquisition,642.21,2237,124,5.58,5.18,286.99,112,4,3.98,2,53.11,2,2.1,1372.04,1,642.21,2.14,1.12,active
2024-W45,04/11/2024,10/11/2024,2024-11,meta,CMP-MT-001,Meta Prospecting — Darjeeling Loyalist,acquisition,2424.76,10628,144,1.36,16.84,228.14,137,8,5.95,5,67.11,3,0.95,1565.71,1,2424.76,0.65,0.36,active
2024-W45,04/11/2024,10/11/2024,2024-11,meta,CMP-MT-002,Meta Retargeting — Site Visitors,retargeting,811.25,2315,60,2.62,13.52,350.35,54,3,6.73,2,67.0,1,2.91,711.95,1,811.25,0.88,0.52,active
2024-W45,04/11/2024,10/11/2024,2024-11,meta,CMP-MT-003,Meta Prospecting — Gift + Festive,acquisition,2466.8,6051,131,2.18,18.83,407.62,114,4,4.22,2,61.0,4,3.66,3019.1,2,1233.4,1.22,0.65,active
2024-W46,11/11/2024,17/11/2024,2024-11,google,CMP-GS-001,Google Search — Brand + Darjeeling Intent,acquisition,1903.17,8935,370,4.15,5.14,212.99,341,13,3.88,7,57.96,10,3.11,5857.83,8,237.9,3.08,1.68,active
2024-W46,11/11/2024,17/11/2024,2024-11,google,CMP-GS-002,Google Search — First Flush Seasonal,acquisition,1245.89,5696,249,4.38,5.0,218.7,236,14,6.24,9,71.31,5,2.28,3605.21,3,415.3,2.89,1.72,active
2024-W46,11/11/2024,17/11/2024,2024-11,google,CMP-GS-003,Google Search — Chai + Daily Tea,acquisition,931.29,4234,215,5.1,4.33,219.91,194,13,6.72,8,66.68,1,1.03,797.46,1,931.29,0.86,0.44,active
2024-W46,11/11/2024,17/11/2024,2024-11,google,CMP-GS-004,Google Search — Wellness + Green Tea,acquisition,747.96,3017,125,4.15,5.98,247.91,119,7,6.39,4,63.04,2,1.85,1446.11,1,747.96,1.93,1.14,active
2024-W46,11/11/2024,17/11/2024,2024-11,google,CMP-GS-005,Google Shopping — Product Catalog,acquisition,640.17,2836,115,4.09,5.57,225.66,108,7,6.98,4,58.26,1,1.54,665.32,1,640.17,1.04,0.58,active
2024-W46,11/11/2024,17/11/2024,2024-11,meta,CMP-MT-001,Meta Prospecting — Darjeeling Loyalist,acquisition,2012.53,4962,95,1.93,21.18,405.58,86,3,4.05,1,65.84,3,2.73,1741.99,1,2012.53,0.87,0.42,active
2024-W46,11/11/2024,17/11/2024,2024-11,meta,CMP-MT-002,Meta Retargeting — Site Visitors,retargeting,941.52,4059,57,1.42,16.52,231.93,54,2,5.33,1,53.77,1,1.9,701.09,1,941.52,0.74,0.37,active
2024-W46,11/11/2024,17/11/2024,2024-11,meta,CMP-MT-003,Meta Prospecting — Gift + Festive,acquisition,2603.46,7605,111,1.47,23.45,342.31,107,7,6.92,3,51.9,3,3.39,2456.1,2,1301.73,0.94,0.52,active
2024-W47,18/11/2024,24/11/2024,2024-11,google,CMP-GS-001,Google Search — Brand + Darjeeling Intent,acquisition,2334.7,10656,638,5.99,3.66,219.08,602,27,4.49,15,57.2,15,2.58,10462.97,9,259.41,4.48,2.22,active
2024-W47,18/11/2024,24/11/2024,2024-11,google,CMP-GS-002,Google Search — First Flush Seasonal,acquisition,1221.23,6757,455,6.74,2.68,180.71,397,21,5.38,14,66.91,3,1.0,1991.34,2,610.62,1.63,0.89,active
2024-W47,18/11/2024,24/11/2024,2024-11,google,CMP-GS-003,Google Search — Chai + Daily Tea,acquisition,969.4,3983,180,4.52,5.39,243.34,166,5,3.55,3,66.1,6,3.65,3652.42,4,242.35,3.77,2.27,active
2024-W47,18/11/2024,24/11/2024,2024-11,google,CMP-GS-004,Google Search — Wellness + Green Tea,acquisition,631.24,2553,120,4.71,5.26,247.17,112,7,6.93,4,66.44,1,0.97,751.55,1,631.24,1.19,0.66,active
2024-W47,18/11/2024,24/11/2024,2024-11,google,CMP-GS-005,Google Shopping — Product Catalog,acquisition,586.37,2017,99,4.91,5.92,290.58,90,5,6.03,3,68.93,1,1.11,619.87,1,586.37,1.06,0.52,active
2024-W47,18/11/2024,24/11/2024,2024-11,meta,CMP-MT-001,Meta Prospecting — Darjeeling Loyalist,acquisition,2160.88,7887,213,2.71,10.14,273.96,196,13,6.68,8,67.33,2,1.13,1481.46,1,2160.88,0.69,0.34,active
2024-W47,18/11/2024,24/11/2024,2024-11,meta,CMP-MT-002,Meta Retargeting — Site Visitors,retargeting,996.19,2806,73,2.62,13.65,354.93,64,3,4.96,1,63.62,1,1.96,687.64,1,996.19,0.69,0.41,active
2024-W47,18/11/2024,24/11/2024,2024-11,meta,CMP-MT-003,Meta Prospecting — Gift + Festive,acquisition,2646.61,10142,280,2.77,9.45,260.94,250,9,3.95,5,60.53,9,3.62,7269.58,6,441.1,2.75,1.48,active
2024-W48,25/11/2024,01/12/2024,2024-11,google,CMP-GS-001,Google Search — Brand + Darjeeling Intent,acquisition,2287.02,10810,525,4.86,4.36,211.56,470,29,6.22,16,56.1,5,1.08,3329.34,3,762.34,1.46,0.83,active
2024-W48,25/11/2024,01/12/2024,2024-11,google,CMP-GS-002,Google Search — First Flush Seasonal,acquisition,1091.34,3906,227,5.83,4.81,279.38,209,9,4.67,5,63.66,6,3.22,4575.83,5,218.27,4.19,2.04,active
2024-W48,25/11/2024,01/12/2024,2024-11,google,CMP-GS-003,Google Search — Chai + Daily Tea,acquisition,806.18,2644,136,5.17,5.93,304.87,119,8,7.09,4,56.34,4,3.67,2411.13,3,268.73,2.99,1.81,active
2024-W48,25/11/2024,01/12/2024,2024-11,google,CMP-GS-004,Google Search — Wellness + Green Tea,acquisition,699.38,2312,123,5.36,5.69,302.5,114,5,4.67,3,71.33,2,2.47,1248.02,1,699.38,1.78,1.07,active
2024-W48,25/11/2024,01/12/2024,2024-11,google,CMP-GS-005,Google Shopping — Product Catalog,acquisition,620.83,2811,112,3.99,5.54,220.81,107,4,4.43,2,70.84,2,2.77,1245.68,1,620.83,2.01,1.13,active
2024-W48,25/11/2024,01/12/2024,2024-11,meta,CMP-MT-001,Meta Prospecting — Darjeeling Loyalist,acquisition,2108.29,6225,143,2.31,14.74,338.67,136,7,5.28,3,56.69,3,1.28,1714.56,2,1054.14,0.81,0.41,active
2024-W48,25/11/2024,01/12/2024,2024-11,meta,CMP-MT-002,Meta Retargeting — Site Visitors,retargeting,896.6,2164,52,2.43,17.24,414.14,45,2,4.91,1,60.03,1,1.38,733.54,1,896.6,0.82,0.4,active
2024-W48,25/11/2024,01/12/2024,2024-11,meta,CMP-MT-003,Meta Prospecting — Gift + Festive,acquisition,2806.2,7234,167,2.31,16.8,387.87,156,6,4.11,3,55.23,3,1.02,1673.83,2,1403.1,0.6,0.34,active
2024-W49,02/12/2024,08/12/2024,2024-12,google,CMP-GS-001,Google Search — Brand + Darjeeling Intent,acquisition,1830.07,7072,275,3.9,6.65,258.75,247,12,4.88,6,58.2,6,2.47,3662.81,5,366.01,2.0,1.2,active
2024-W49,02/12/2024,08/12/2024,2024-12,google,CMP-GS-002,Google Search — First Flush Seasonal,acquisition,1172.51,4691,198,4.24,5.92,249.92,181,8,4.78,4,50.09,5,3.04,3096.92,4,293.13,2.64,1.28,active
2024-W49,02/12/2024,08/12/2024,2024-12,google,CMP-GS-003,Google Search — Chai + Daily Tea,acquisition,894.36,4054,268,6.63,3.34,220.58,259,14,5.79,7,53.24,6,2.54,3915.79,4,223.59,4.38,2.16,active
2024-W49,02/12/2024,08/12/2024,2024-12,google,CMP-GS-004,Google Search — Wellness + Green Tea,acquisition,738.92,2414,101,4.22,7.32,306.02,93,4,4.73,2,58.84,3,3.34,1643.23,1,738.92,2.22,1.24,active
2024-W49,02/12/2024,08/12/2024,2024-12,google,CMP-GS-005,Google Shopping — Product Catalog,acquisition,620.35,2370,105,4.47,5.91,261.68,101,4,4.61,2,50.5,2,2.46,1442.93,1,620.35,2.33,1.3,active
2024-W49,02/12/2024,08/12/2024,2024-12,meta,CMP-MT-001,Meta Prospecting — Darjeeling Loyalist,acquisition,2206.22,8521,145,1.71,15.22,258.89,134,9,7.27,6,69.99,2,1.95,1552.28,1,2206.22,0.7,0.42,active
2024-W49,02/12/2024,08/12/2024,2024-12,meta,CMP-MT-002,Meta Retargeting — Site Visitors,retargeting,872.53,3150,55,1.76,15.86,276.93,53,3,7.0,1,51.93,1,3.01,817.78,1,872.53,0.94,0.52,active
2024-W49,02/12/2024,08/12/2024,2024-12,meta,CMP-MT-003,Meta Prospecting — Gift + Festive,acquisition,1993.47,5230,143,2.75,13.94,381.13,130,9,7.09,4,53.07,3,2.6,1747.01,2,996.74,0.88,0.53,active
2024-W50,09/12/2024,15/12/2024,2024-12,google,CMP-GS-001,Google Search — Brand + Darjeeling Intent,acquisition,2154.65,6772,270,4.0,7.98,318.13,260,16,6.52,8,51.95,5,2.09,3221.77,3,718.22,1.5,0.74,active
2024-W50,09/12/2024,15/12/2024,2024-12,google,CMP-GS-002,Google Search — First Flush Seasonal,acquisition,1260.55,4411,185,4.21,6.81,285.73,164,8,5.03,4,62.19,2,1.02,1540.75,1,1260.55,1.22,0.62,active
2024-W50,09/12/2024,15/12/2024,2024-12,google,CMP-GS-003,Google Search — Chai + Daily Tea,acquisition,912.8,3727,144,3.88,6.34,244.88,125,5,4.55,3,71.03,4,3.32,2864.58,3,304.27,3.14,1.74,active
2024-W50,09/12/2024,15/12/2024,2024-12,google,CMP-GS-004,Google Search — Wellness + Green Tea,acquisition,686.08,2756,161,5.86,4.26,248.86,144,5,3.98,2,56.1,5,3.78,3718.35,3,228.69,5.42,3.31,active
2024-W50,09/12/2024,15/12/2024,2024-12,google,CMP-GS-005,Google Shopping — Product Catalog,acquisition,609.44,2020,114,5.68,5.35,301.57,104,6,6.28,3,52.63,2,2.39,1547.17,1,609.44,2.54,1.37,active
2024-W50,09/12/2024,15/12/2024,2024-12,meta,CMP-MT-001,Meta Prospecting — Darjeeling Loyalist,acquisition,1966.89,6927,180,2.61,10.93,283.94,159,6,4.15,3,56.0,3,2.12,1880.39,2,983.45,0.96,0.47,active
2024-W50,09/12/2024,15/12/2024,2024-12,meta,CMP-MT-002,Meta Retargeting — Site Visitors,retargeting,906.4,2225,44,2.02,20.6,407.26,41,1,4.23,0,52.08,1,3.08,781.73,1,906.4,0.86,0.47,active
2024-W50,09/12/2024,15/12/2024,2024-12,meta,CMP-MT-003,Meta Prospecting — Gift + Festive,acquisition,2193.22,7827,180,2.3,12.18,280.21,168,6,3.88,3,62.76,5,3.29,3377.26,3,731.07,1.54,0.95,active
2024-W51,16/12/2024,22/12/2024,2024-12,google,CMP-GS-001,Google Search — Brand + Darjeeling Intent,acquisition,1972.82,8666,565,6.53,3.49,227.64,497,20,4.12,10,54.86,7,1.45,4928.2,5,394.56,2.5,1.24,active
2024-W51,16/12/2024,22/12/2024,2024-12,google,CMP-GS-002,Google Search — First Flush Seasonal,acquisition,1207.39,4744,258,5.45,4.68,254.49,243,9,3.96,5,60.13,2,1.12,1594.05,1,1207.39,1.32,0.67,active
2024-W51,16/12/2024,22/12/2024,2024-12,google,CMP-GS-003,Google Search — Chai + Daily Tea,acquisition,859.3,3723,232,6.25,3.7,230.76,222,13,5.89,8,66.8,4,1.89,2114.51,3,286.43,2.46,1.28,active
2024-W51,16/12/2024,22/12/2024,2024-12,google,CMP-GS-004,Google Search — Wellness + Green Tea,acquisition,653.36,2178,92,4.23,7.1,299.95,82,3,4.0,1,52.86,1,1.13,755.21,1,653.36,1.16,0.6,active
2024-W51,16/12/2024,22/12/2024,2024-12,google,CMP-GS-005,Google Shopping — Product Catalog,acquisition,639.56,2235,87,3.93,7.35,286.03,76,5,6.67,3,61.3,1,1.07,595.9,1,639.56,0.93,0.56,active
2024-W51,16/12/2024,22/12/2024,2024-12,meta,CMP-MT-001,Meta Prospecting — Darjeeling Loyalist,acquisition,2288.49,6169,151,2.45,15.16,370.91,145,6,4.32,4,69.83,3,1.44,1641.7,2,1144.24,0.72,0.41,active
2024-W51,16/12/2024,22/12/2024,2024-12,meta,CMP-MT-002,Meta Retargeting — Site Visitors,retargeting,995.44,2429,42,1.76,23.7,409.76,37,2,5.5,1,66.03,2,1.6,1099.46,1,995.44,1.1,0.6,active
2024-W51,16/12/2024,22/12/2024,2024-12,meta,CMP-MT-003,Meta Prospecting — Gift + Festive,acquisition,1855.05,7042,106,1.51,17.5,263.4,95,6,7.11,3,61.82,3,3.72,1752.61,2,927.52,0.94,0.57,active
2024-W52,23/12/2024,29/12/2024,2024-12,google,CMP-GS-001,Google Search — Brand + Darjeeling Intent,acquisition,2078.73,8987,500,5.57,4.16,231.3,456,33,7.33,17,53.98,8,1.93,4674.26,5,415.75,2.25,1.27,active
2024-W52,23/12/2024,29/12/2024,2024-12,google,CMP-GS-002,Google Search — First Flush Seasonal,acquisition,1088.5,3424,142,4.17,7.67,317.85,125,5,4.04,3,66.77,3,2.94,1596.55,2,544.25,1.47,0.79,active
2024-W52,23/12/2024,29/12/2024,2024-12,google,CMP-GS-003,Google Search — Chai + Daily Tea,acquisition,817.0,3718,208,5.6,3.93,219.71,187,13,7.4,7,59.77,4,2.51,3106.44,2,408.5,3.8,2.2,active
2024-W52,23/12/2024,29/12/2024,2024-12,google,CMP-GS-004,Google Search — Wellness + Green Tea,acquisition,627.69,2108,110,5.23,5.71,297.75,103,4,4.22,2,71.97,2,2.33,1302.84,1,627.69,2.08,1.26,active
2024-W52,23/12/2024,29/12/2024,2024-12,google,CMP-GS-005,Google Shopping — Product Catalog,acquisition,540.24,2700,135,5.0,4.0,200.07,125,4,3.91,2,70.36,4,3.74,3250.25,2,270.12,6.02,3.68,active
2024-W52,23/12/2024,29/12/2024,2024-12,meta,CMP-MT-001,Meta Prospecting — Darjeeling Loyalist,acquisition,2250.14,5381,75,1.4,30.0,418.13,71,4,6.4,2,56.13,3,2.97,1805.68,2,1125.07,0.8,0.43,active
2024-W52,23/12/2024,29/12/2024,2024-12,meta,CMP-MT-002,Meta Retargeting — Site Visitors,retargeting,931.07,3103,60,1.96,15.52,300.05,55,2,5.12,1,60.66,2,1.71,1104.82,1,931.07,1.19,0.61,active
2024-W52,23/12/2024,29/12/2024,2024-12,meta,CMP-MT-003,Meta Prospecting — Gift + Festive,acquisition,2098.63,6071,86,1.42,24.4,345.67,75,2,3.71,1,51.5,3,2.87,1904.37,2,1049.32,0.91,0.44,active
2025-W01,30/12/2024,05/01/2025,2024-12,google,CMP-GS-001,Google Search — Brand + Darjeeling Intent,acquisition,1814.98,6795,277,4.09,6.55,267.08,243,15,6.51,10,66.89,7,3.2,5030.4,5,363.0,2.77,1.64,active
2025-W01,30/12/2024,05/01/2025,2024-12,google,CMP-GS-002,Google Search — First Flush Seasonal,acquisition,1131.36,4959,316,6.38,3.58,228.11,292,21,7.31,10,50.7,6,2.15,3810.53,4,282.84,3.37,1.66,active
2025-W01,30/12/2024,05/01/2025,2024-12,google,CMP-GS-003,Google Search — Chai + Daily Tea,acquisition,873.29,3573,139,3.9,6.28,244.35,128,8,6.94,4,56.67,3,2.95,1681.04,2,436.64,1.92,1.06,active
2025-W01,30/12/2024,05/01/2025,2024-12,google,CMP-GS-004,Google Search — Wellness + Green Tea,acquisition,697.89,3573,208,5.83,3.36,195.31,194,12,6.24,7,62.59,4,2.28,2688.02,2,348.94,3.85,1.93,active
2025-W01,30/12/2024,05/01/2025,2024-12,google,CMP-GS-005,Google Shopping — Product Catalog,acquisition,599.24,1896,107,5.65,5.6,315.92,96,7,7.41,3,57.05,1,0.98,771.08,1,599.24,1.29,0.79,active
2025-W01,30/12/2024,05/01/2025,2024-12,meta,CMP-MT-001,Meta Prospecting — Darjeeling Loyalist,acquisition,2327.81,10328,271,2.63,8.59,225.38,245,9,3.89,5,57.59,4,1.94,2873.49,2,1163.9,1.23,0.7,active
2025-W01,30/12/2024,05/01/2025,2024-12,meta,CMP-MT-002,Meta Retargeting — Site Visitors,retargeting,931.99,2753,73,2.66,12.77,338.51,63,2,4.72,1,57.43,1,0.96,658.27,1,931.99,0.71,0.41,active
2025-W01,30/12/2024,05/01/2025,2024-12,meta,CMP-MT-003,Meta Prospecting — Gift + Festive,acquisition,2134.3,5332,86,1.63,24.82,400.28,80,4,5.85,2,71.69,2,2.0,1383.52,1,2134.3,0.65,0.37,active
2025-W02,06/01/2025,12/01/2025,2025-01,google,CMP-GS-001,Google Search — Brand + Darjeeling Intent,acquisition,1627.22,5927,285,4.81,5.71,274.52,262,17,6.56,9,57.47,7,2.68,4555.58,5,325.44,2.8,1.59,active
2025-W02,06/01/2025,12/01/2025,2025-01,google,CMP-GS-002,Google Search — First Flush Seasonal,acquisition,1300.03,4479,283,6.32,4.59,290.2,261,12,4.65,6,51.05,9,3.79,5289.89,7,185.72,4.07,2.29,active
2025-W02,06/01/2025,12/01/2025,2025-01,google,CMP-GS-003,Google Search — Chai + Daily Tea,acquisition,811.86,2722,111,4.08,7.31,298.19,100,3,3.77,2,67.63,2,2.28,1517.39,1,811.86,1.87,1.1,active
2025-W02,06/01/2025,12/01/2025,2025-01,google,CMP-GS-004,Google Search — Wellness + Green Tea,acquisition,666.71,2278,116,5.1,5.75,292.58,107,4,4.3,2,58.85,2,2.71,1498.07,1,666.71,2.25,1.25,active
2025-W02,06/01/2025,12/01/2025,2025-01,google,CMP-GS-005,Google Shopping — Product Catalog,acquisition,530.68,1905,121,6.39,4.39,278.47,112,4,4.35,2,71.17,3,3.05,2403.45,2,265.34,4.53,2.51,active
2025-W02,06/01/2025,12/01/2025,2025-01,meta,CMP-MT-001,Meta Prospecting — Darjeeling Loyalist,acquisition,2260.41,6046,114,1.89,19.83,373.82,105,6,6.01,3,61.49,3,1.96,1695.43,2,1130.2,0.75,0.45,active
2025-W02,06/01/2025,12/01/2025,2025-01,meta,CMP-MT-002,Meta Retargeting — Site Visitors,retargeting,856.86,2790,47,1.71,18.23,307.08,44,1,3.76,0,54.48,1,2.1,713.81,1,856.86,0.83,0.42,active
2025-W02,06/01/2025,12/01/2025,2025-01,meta,CMP-MT-003,Meta Prospecting — Gift + Festive,acquisition,1434.01,4761,65,1.38,22.06,301.17,57,2,4.48,1,68.2,2,2.25,1301.68,1,1434.01,0.91,0.49,active
2025-W03,13/01/2025,19/01/2025,2025-01,google,CMP-GS-001,Google Search — Brand + Darjeeling Intent,acquisition,1599.99,7908,332,4.21,4.82,202.31,297,19,6.71,12,64.49,4,1.41,3236.54,2,800.0,2.02,1.01,active
2025-W03,13/01/2025,19/01/2025,2025-01,google,CMP-GS-002,Google Search — First Flush Seasonal,acquisition,1061.73,3535,143,4.05,7.42,300.34,133,9,6.97,6,69.81,2,2.08,1434.46,1,1061.73,1.35,0.77,active
2025-W03,13/01/2025,19/01/2025,2025-01,google,CMP-GS-003,Google Search — Chai + Daily Tea,acquisition,995.72,3538,149,4.22,6.68,281.39,131,8,6.44,5,70.52,3,2.41,2414.71,2,497.86,2.43,1.22,active
2025-W03,13/01/2025,19/01/2025,2025-01,google,CMP-GS-004,Google Search — Wellness + Green Tea,acquisition,658.3,2166,97,4.51,6.79,303.84,85,5,6.73,2,57.24,2,2.59,1489.02,1,658.3,2.26,1.28,active
2025-W03,13/01/2025,19/01/2025,2025-01,google,CMP-GS-005,Google Shopping — Product Catalog,acquisition,588.89,2941,127,4.33,4.64,200.2,122,6,5.26,3,55.59,3,2.61,1897.23,2,294.44,3.22,1.78,active
2025-W03,13/01/2025,19/01/2025,2025-01,meta,CMP-MT-001,Meta Prospecting — Darjeeling Loyalist,acquisition,2103.11,6900,158,2.29,13.31,304.76,152,10,7.02,7,70.61,2,1.95,1532.82,1,2103.11,0.73,0.38,active
2025-W03,13/01/2025,19/01/2025,2025-01,meta,CMP-MT-002,Meta Retargeting — Site Visitors,retargeting,1000.83,2933,74,2.55,13.52,341.16,69,5,7.26,3,65.2,2,3.19,1371.64,1,1000.83,1.37,0.8,active
2025-W03,13/01/2025,19/01/2025,2025-01,meta,CMP-MT-003,Meta Prospecting — Gift + Festive,acquisition,1554.05,5311,132,2.5,11.77,292.57,116,8,6.97,5,68.87,2,2.03,1275.79,1,1554.05,0.82,0.4,active
2025-W04,20/01/2025,26/01/2025,2025-01,google,CMP-GS-001,Google Search — Brand + Darjeeling Intent,acquisition,1694.39,8795,551,6.27,3.08,192.64,492,21,4.34,14,69.59,17,3.56,13325.28,13,130.34,7.86,4.18,active
2025-W04,20/01/2025,26/01/2025,2025-01,google,CMP-GS-002,Google Search — First Flush Seasonal,acquisition,1173.01,6349,406,6.4,2.89,184.74,386,28,7.26,16,60.36,8,2.1,5881.73,6,195.5,5.01,2.52,active
2025-W04,20/01/2025,26/01/2025,2025-01,google,CMP-GS-003,Google Search — Chai + Daily Tea,acquisition,969.17,3280,193,5.9,5.02,295.42,177,8,4.91,5,63.25,5,3.26,3279.89,3,323.06,3.38,1.75,active
2025-W04,20/01/2025,26/01/2025,2025-01,google,CMP-GS-004,Google Search — Wellness + Green Tea,acquisition,624.75,2315,131,5.69,4.77,269.82,124,5,4.04,2,58.81,3,2.72,1634.01,1,624.75,2.62,1.51,active
2025-W04,20/01/2025,26/01/2025,2025-01,google,CMP-GS-005,Google Shopping — Product Catalog,acquisition,602.36,1907,119,6.29,5.06,315.75,112,7,6.89,4,65.09,3,3.2,1990.53,2,301.18,3.3,1.9,active
2025-W04,20/01/2025,26/01/2025,2025-01,meta,CMP-MT-001,Meta Prospecting — Darjeeling Loyalist,acquisition,2073.64,5800,146,2.52,14.2,357.49,138,5,4.29,2,59.12,2,1.43,1606.85,1,2073.64,0.77,0.39,active
2025-W04,20/01/2025,26/01/2025,2025-01,meta,CMP-MT-002,Meta Retargeting — Site Visitors,retargeting,840.49,2051,54,2.68,15.56,409.62,50,3,6.01,2,69.95,1,3.72,730.38,1,840.49,0.87,0.51,active
2025-W04,20/01/2025,26/01/2025,2025-01,meta,CMP-MT-003,Meta Prospecting — Gift + Festive,acquisition,1366.75,4469,72,1.62,18.98,305.78,63,3,4.97,2,70.84,2,1.24,1301.1,1,1366.75,0.95,0.49,active
2025-W05,27/01/2025,02/02/2025,2025-01,google,CMP-GS-001,Google Search — Brand + Darjeeling Intent,acquisition,1780.0,6489,269,4.16,6.62,274.31,253,10,4.26,6,68.96,8,3.17,5346.0,5,356.0,3.0,1.74,active
2025-W05,27/01/2025,02/02/2025,2025-01,google,CMP-GS-002,Google Search — First Flush Seasonal,acquisition,1302.63,4934,335,6.79,3.89,264.01,300,18,6.21,10,59.2,6,2.08,3642.35,4,325.66,2.8,1.68,active
2025-W05,27/01/2025,02/02/2025,2025-01,google,CMP-GS-003,Google Search — Chai + Daily Tea,acquisition,925.42,3014,147,4.91,6.3,307.03,137,7,5.33,3,50.23,1,1.29,727.91,1,925.42,0.79,0.45,active
2025-W05,27/01/2025,02/02/2025,2025-01,google,CMP-GS-004,Google Search — Wellness + Green Tea,acquisition,735.84,2635,158,6.01,4.66,279.18,141,5,3.88,2,51.29,2,1.87,1584.94,1,735.84,2.15,1.26,active
2025-W05,27/01/2025,02/02/2025,2025-01,google,CMP-GS-005,Google Shopping — Product Catalog,acquisition,663.26,2102,117,5.59,5.67,315.41,110,4,3.68,2,55.58,2,2.7,1276.82,1,663.26,1.93,1.11,active
2025-W05,27/01/2025,02/02/2025,2025-01,meta,CMP-MT-001,Meta Prospecting — Darjeeling Loyalist,acquisition,2447.13,7372,157,2.13,15.59,331.91,140,7,5.51,4,70.47,4,3.45,2460.78,3,815.71,1.01,0.6,active
2025-W05,27/01/2025,02/02/2025,2025-01,meta,CMP-MT-002,Meta Retargeting — Site Visitors,retargeting,822.63,3380,42,1.27,19.59,243.37,37,2,6.99,1,68.37,1,3.07,604.88,1,822.63,0.74,0.36,active
2025-W05,27/01/2025,02/02/2025,2025-01,meta,CMP-MT-003,Meta Prospecting — Gift + Festive,acquisition,1437.95,3862,62,1.62,23.19,372.31,55,3,7.07,1,56.94,2,3.78,1130.76,1,1437.95,0.79,0.4,active
2025-W06,03/02/2025,09/02/2025,2025-02,google,CMP-GS-001,Google Search — Brand + Darjeeling Intent,acquisition,1868.01,6402,253,3.96,7.38,291.75,223,9,4.42,4,50.79,3,1.65,1952.79,2,934.0,1.05,0.54,active
2025-W06,03/02/2025,09/02/2025,2025-02,google,CMP-GS-002,Google Search — First Flush Seasonal,acquisition,1323.04,7124,346,4.87,3.82,185.71,325,17,5.44,10,60.85,10,3.35,5570.96,6,220.51,4.21,2.1,active
2025-W06,03/02/2025,09/02/2025,2025-02,google,CMP-GS-003,Google Search — Chai + Daily Tea,acquisition,979.53,4771,205,4.3,4.78,205.29,188,8,4.59,5,69.6,4,2.6,3245.95,3,326.51,3.31,1.78,active
2025-W06,03/02/2025,09/02/2025,2025-02,google,CMP-GS-004,Google Search — Wellness + Green Tea,acquisition,711.89,2987,120,4.03,5.93,238.3,113,7,6.21,4,69.52,1,0.98,724.19,1,711.89,1.02,0.53,active
2025-W06,03/02/2025,09/02/2025,2025-02,google,CMP-GS-005,Google Shopping — Product Catalog,acquisition,613.01,1957,123,6.31,4.98,313.17,108,4,3.82,2,68.28,3,2.81,2419.68,2,306.5,3.95,2.2,active
2025-W06,03/02/2025,09/02/2025,2025-02,meta,CMP-MT-001,Meta Prospecting — Darjeeling Loyalist,acquisition,1939.07,4684,105,2.25,18.47,413.95,101,4,4.8,2,66.09,3,3.03,2072.24,2,969.53,1.07,0.52,active
2025-W06,03/02/2025,09/02/2025,2025-02,meta,CMP-MT-002,Meta Retargeting — Site Visitors,retargeting,802.52,2301,39,1.72,20.58,348.73,34,1,3.78,0,70.94,1,2.01,573.4,1,802.52,0.71,0.4,active
2025-W06,03/02/2025,09/02/2025,2025-02,meta,CMP-MT-003,Meta Prospecting — Gift + Festive,acquisition,1522.81,6402,163,2.56,9.34,237.84,144,9,6.62,5,56.27,4,3.08,2224.72,2,761.4,1.46,0.77,active
2025-W07,10/02/2025,16/02/2025,2025-02,google,CMP-GS-001,Google Search — Brand + Darjeeling Intent,acquisition,1770.78,6045,285,4.73,6.21,292.89,267,10,4.03,6,64.64,8,3.31,5335.1,6,295.13,3.01,1.65,active
2025-W07,10/02/2025,16/02/2025,2025-02,google,CMP-GS-002,Google Search — First Flush Seasonal,acquisition,1193.21,4610,233,5.07,5.12,258.83,220,14,6.74,8,63.51,4,2.16,2128.53,2,596.61,1.78,1.0,active
2025-W07,10/02/2025,16/02/2025,2025-02,google,CMP-GS-003,Google Search — Chai + Daily Tea,acquisition,892.12,4220,247,5.86,3.61,211.39,218,11,5.48,7,63.85,5,2.42,3256.03,4,223.03,3.65,2.11,active
2025-W07,10/02/2025,16/02/2025,2025-02,google,CMP-GS-004,Google Search — Wellness + Green Tea,acquisition,696.24,3467,144,4.18,4.83,200.8,138,9,6.87,5,61.51,2,1.76,1085.92,1,696.24,1.56,0.96,active
2025-W07,10/02/2025,16/02/2025,2025-02,google,CMP-GS-005,Google Shopping — Product Catalog,acquisition,543.5,2269,92,4.08,5.91,239.49,86,4,5.77,2,55.57,1,1.64,671.03,1,543.5,1.23,0.75,active
2025-W07,10/02/2025,16/02/2025,2025-02,meta,CMP-MT-001,Meta Prospecting — Darjeeling Loyalist,acquisition,2285.31,8930,133,1.49,17.18,255.91,120,4,3.83,2,69.29,3,1.76,1969.5,2,1142.65,0.86,0.46,active
2025-W07,10/02/2025,16/02/2025,2025-02,meta,CMP-MT-002,Meta Retargeting — Site Visitors,retargeting,926.74,3394,93,2.75,9.96,273.01,89,3,4.25,1,54.07,2,3.07,1562.97,1,926.74,1.69,0.9,active
2025-W07,10/02/2025,16/02/2025,2025-02,meta,CMP-MT-003,Meta Prospecting — Gift + Festive,acquisition,1411.55,6382,88,1.39,16.04,221.17,78,4,5.41,2,65.22,2,3.42,1401.13,1,1411.55,0.99,0.48,active
2025-W08,17/02/2025,23/02/2025,2025-02,google,CMP-GS-001,Google Search — Brand + Darjeeling Intent,acquisition,1851.19,5851,285,4.88,6.5,316.35,267,16,6.26,9,58.69,4,1.78,2096.65,2,925.6,1.13,0.68,active
2025-W08,17/02/2025,23/02/2025,2025-02,google,CMP-GS-002,Google Search — First Flush Seasonal,acquisition,1060.57,3357,214,6.38,4.96,315.87,190,11,6.09,7,64.29,4,2.16,3028.01,2,530.28,2.86,1.52,active
2025-W08,17/02/2025,23/02/2025,2025-02,google,CMP-GS-003,Google Search — Chai + Daily Tea,acquisition,857.0,3499,182,5.22,4.71,244.88,158,6,4.16,3,53.35,4,2.94,2645.79,3,285.67,3.09,1.5,active
2025-W08,17/02/2025,23/02/2025,2025-02,google,CMP-GS-004,Google Search — Wellness + Green Tea,acquisition,714.32,3431,189,5.51,3.78,208.19,180,6,3.7,3,50.17,4,2.73,3255.38,3,238.11,4.56,2.37,active
2025-W08,17/02/2025,23/02/2025,2025-02,google,CMP-GS-005,Google Shopping — Product Catalog,acquisition,634.14,2407,131,5.46,4.84,263.42,117,6,5.45,3,60.69,3,2.61,2170.8,2,317.07,3.42,1.83,active
2025-W08,17/02/2025,23/02/2025,2025-02,meta,CMP-MT-001,Meta Prospecting — Darjeeling Loyalist,acquisition,2193.61,6045,123,2.05,17.83,362.86,112,5,4.76,2,51.4,3,3.49,1986.0,2,1096.81,0.91,0.51,active
2025-W08,17/02/2025,23/02/2025,2025-02,meta,CMP-MT-002,Meta Retargeting — Site Visitors,retargeting,994.82,3438,79,2.32,12.59,289.35,68,3,4.65,1,54.23,1,1.9,585.91,1,994.82,0.59,0.35,active
2025-W08,17/02/2025,23/02/2025,2025-02,meta,CMP-MT-003,Meta Prospecting — Gift + Festive,acquisition,1345.96,3953,100,2.55,13.46,340.42,93,3,4.02,1,56.45,2,2.96,1539.85,1,1345.96,1.14,0.56,active
2025-W09,24/02/2025,02/03/2025,2025-02,google,CMP-GS-001,Google Search — Brand + Darjeeling Intent,acquisition,1901.34,6523,404,6.2,4.71,291.44,385,23,5.99,12,56.21,11,3.07,6146.02,7,271.62,3.23,1.7,active
2025-W09,24/02/2025,02/03/2025,2025-02,google,CMP-GS-002,Google Search — First Flush Seasonal,acquisition,1230.46,6338,320,5.05,3.85,194.13,310,14,4.71,7,54.61,3,1.04,2352.82,2,615.23,1.91,1.18,active
2025-W09,24/02/2025,02/03/2025,2025-02,google,CMP-GS-003,Google Search — Chai + Daily Tea,acquisition,826.26,2792,180,6.48,4.59,295.91,157,5,3.75,2,59.47,4,2.69,2348.91,2,413.13,2.84,1.71,active
2025-W09,24/02/2025,02/03/2025,2025-02,google,CMP-GS-004,Google Search — Wellness + Green Tea,acquisition,673.17,2930,115,3.94,5.85,229.73,110,5,4.57,2,53.33,3,2.9,2162.54,2,336.58,3.21,1.76,active
2025-W09,24/02/2025,02/03/2025,2025-02,google,CMP-GS-005,Google Shopping — Product Catalog,acquisition,661.44,2741,141,5.17,4.69,241.3,134,5,3.94,2,52.33,3,2.67,2412.65,2,330.72,3.65,1.86,active
2025-W09,24/02/2025,02/03/2025,2025-02,meta,CMP-MT-001,Meta Prospecting — Darjeeling Loyalist,acquisition,1958.16,8122,179,2.21,10.94,241.08,171,12,7.14,6,53.45,2,1.75,1343.54,1,1958.16,0.69,0.38,active
2025-W09,24/02/2025,02/03/2025,2025-02,meta,CMP-MT-002,Meta Retargeting — Site Visitors,retargeting,813.45,2328,40,1.74,20.34,349.42,35,2,6.89,1,59.66,1,2.11,593.59,1,813.45,0.73,0.37,active
2025-W09,24/02/2025,02/03/2025,2025-02,meta,CMP-MT-003,Meta Prospecting — Gift + Festive,acquisition,1346.68,4195,56,1.34,24.05,321.0,50,3,6.52,1,57.93,1,2.83,746.05,1,1346.68,0.55,0.33,active
2025-W10,03/03/2025,09/03/2025,2025-03,google,CMP-GS-001,Google Search — Brand + Darjeeling Intent,acquisition,1682.57,5757,290,5.04,5.8,292.25,264,14,5.34,9,68.75,8,3.2,4231.43,5,336.51,2.51,1.43,active
2025-W10,03/03/2025,09/03/2025,2025-03,google,CMP-GS-002,Google Search — First Flush Seasonal,acquisition,2117.73,7230,479,6.63,4.42,292.87,420,19,4.76,13,71.6,5,1.38,3738.79,3,705.91,1.77,1.08,active
2025-W10,03/03/2025,09/03/2025,2025-03,google,CMP-GS-003,Google Search — Chai + Daily Tea,acquisition,930.56,3037,120,3.97,7.75,306.35,111,7,6.35,4,64.53,2,2.41,1281.2,1,930.56,1.38,0.8,active
2025-W10,03/03/2025,09/03/2025,2025-03,google,CMP-GS-004,Google Search — Wellness + Green Tea,acquisition,709.01,3184,191,6.03,3.71,222.61,183,6,3.53,3,56.16,4,2.43,2920.35,2,354.5,4.12,2.02,active
2025-W10,03/03/2025,09/03/2025,2025-03,google,CMP-GS-005,Google Shopping — Product Catalog,acquisition,557.54,2176,134,6.17,4.16,256.22,125,7,6.29,4,69.53,3,3.17,1737.57,2,278.77,3.12,1.76,active
2025-W10,03/03/2025,09/03/2025,2025-03,meta,CMP-MT-001,Meta Prospecting — Darjeeling Loyalist,acquisition,2737.73,9542,225,2.36,12.17,286.9,212,8,4.0,5,71.82,3,1.72,2056.61,2,1368.87,0.75,0.46,active
2025-W10,03/03/2025,09/03/2025,2025-03,meta,CMP-MT-002,Meta Retargeting — Site Visitors,retargeting,955.52,3791,47,1.24,20.33,252.01,44,2,5.87,1,55.31,1,3.15,816.09,1,955.52,0.85,0.44,active
2025-W10,03/03/2025,09/03/2025,2025-03,meta,CMP-MT-003,Meta Prospecting — Gift + Festive,acquisition,1252.14,4250,93,2.2,13.46,294.6,84,3,3.69,1,64.32,1,1.26,741.06,1,1252.14,0.59,0.34,active
2025-W11,10/03/2025,16/03/2025,2025-03,google,CMP-GS-001,Google Search — Brand + Darjeeling Intent,acquisition,2008.63,6861,464,6.77,4.33,292.75,429,30,7.08,19,63.81,10,2.45,6251.01,6,334.77,3.11,1.67,active
2025-W11,10/03/2025,16/03/2025,2025-03,google,CMP-GS-002,Google Search — First Flush Seasonal,acquisition,2564.04,9154,532,5.82,4.82,280.08,500,27,5.58,14,55.45,9,1.85,6901.68,6,427.34,2.69,1.45,active
2025-W11,10/03/2025,16/03/2025,2025-03,google,CMP-GS-003,Google Search — Chai + Daily Tea,acquisition,813.17,2908,182,6.29,4.47,279.63,159,5,3.75,3,69.55,3,2.28,1892.36,2,406.58,2.33,1.3,active
2025-W11,10/03/2025,16/03/2025,2025-03,google,CMP-GS-004,Google Search — Wellness + Green Tea,acquisition,714.82,2829,140,4.98,5.11,252.65,125,6,5.5,3,59.32,2,2.18,1333.72,1,714.82,1.87,0.91,active
2025-W11,10/03/2025,16/03/2025,2025-03,google,CMP-GS-005,Google Shopping — Product Catalog,acquisition,646.63,3229,134,4.18,4.83,200.21,126,5,4.02,3,65.5,4,3.4,2335.17,2,323.31,3.61,2.18,active
2025-W11,10/03/2025,16/03/2025,2025-03,meta,CMP-MT-001,Meta Prospecting — Darjeeling Loyalist,acquisition,3262.21,7979,142,1.79,22.97,408.81,137,8,5.91,4,58.99,4,1.25,2128.34,2,1631.11,0.65,0.35,active
2025-W11,10/03/2025,16/03/2025,2025-03,meta,CMP-MT-002,Meta Retargeting — Site Visitors,retargeting,872.24,2085,35,1.69,24.92,418.2,32,2,6.66,1,53.13,1,2.61,788.28,1,872.24,0.9,0.55,active
2025-W11,10/03/2025,16/03/2025,2025-03,meta,CMP-MT-003,Meta Prospecting — Gift + Festive,acquisition,1304.44,3398,67,1.98,19.47,383.83,59,2,4.89,1,69.15,2,2.11,1379.46,1,1304.44,1.06,0.57,active
2025-W12,17/03/2025,23/03/2025,2025-03,google,CMP-GS-001,Google Search — Brand + Darjeeling Intent,acquisition,1921.54,7794,464,5.96,4.14,246.53,431,28,6.55,17,61.1,9,2.24,5892.5,7,274.51,3.07,1.71,active
2025-W12,17/03/2025,23/03/2025,2025-03,google,CMP-GS-002,Google Search — First Flush Seasonal,acquisition,2299.32,7875,455,5.79,5.05,291.97,414,18,4.43,10,58.7,10,2.47,7870.13,8,287.42,3.42,1.66,active
2025-W12,17/03/2025,23/03/2025,2025-03,google,CMP-GS-003,Google Search — Chai + Daily Tea,acquisition,931.52,3092,183,5.92,5.09,301.23,169,11,6.68,7,65.56,4,2.53,2751.22,2,465.76,2.95,1.78,active
2025-W12,17/03/2025,23/03/2025,2025-03,google,CMP-GS-004,Google Search — Wellness + Green Tea,acquisition,719.94,2760,109,3.96,6.6,260.76,101,4,4.26,2,60.47,3,3.5,2402.56,2,359.97,3.34,2.01,active
2025-W12,17/03/2025,23/03/2025,2025-03,google,CMP-GS-005,Google Shopping — Product Catalog,acquisition,530.73,1829,83,4.54,6.39,290.15,78,5,7.05,2,59.77,2,3.24,1281.08,1,530.73,2.41,1.29,active
2025-W12,17/03/2025,23/03/2025,2025-03,meta,CMP-MT-001,Meta Prospecting — Darjeeling Loyalist,acquisition,3347.57,14901,283,1.9,11.83,224.65,257,17,6.94,9,56.98,4,1.65,2199.2,2,1673.79,0.66,0.4,active
2025-W12,17/03/2025,23/03/2025,2025-03,meta,CMP-MT-002,Meta Retargeting — Site Visitors,retargeting,823.11,3036,40,1.34,20.58,271.11,36,1,5.13,0,53.72,1,2.68,528.15,1,823.11,0.64,0.37,active
2025-W12,17/03/2025,23/03/2025,2025-03,meta,CMP-MT-003,Meta Prospecting — Gift + Festive,acquisition,1363.02,4799,89,1.86,15.31,284.01,80,4,5.0,2,68.21,1,1.25,745.64,1,1363.02,0.55,0.32,active
2025-W13,24/03/2025,30/03/2025,2025-03,google,CMP-GS-001,Google Search — Brand + Darjeeling Intent,acquisition,1796.97,6297,312,4.96,5.76,285.33,275,10,3.74,6,60.23,5,2.08,3211.24,3,598.99,1.79,0.99,active
2025-W13,24/03/2025,30/03/2025,2025-03,google,CMP-GS-002,Google Search — First Flush Seasonal,acquisition,2622.43,12047,805,6.69,3.26,217.68,754,33,4.49,20,62.2,23,3.18,14766.55,14,187.32,5.63,3.25,active
2025-W13,24/03/2025,30/03/2025,2025-03,google,CMP-GS-003,Google Search — Chai + Daily Tea,acquisition,929.33,4457,298,6.7,3.12,208.48,270,20,7.44,13,67.2,6,2.46,4760.69,4,232.33,5.12,2.87,active
2025-W13,24/03/2025,30/03/2025,2025-03,google,CMP-GS-004,Google Search — Wellness + Green Tea,acquisition,616.17,2514,158,6.29,3.9,245.05,142,10,7.39,5,50.01,5,3.61,3496.8,4,154.04,5.68,3.14,active
2025-W13,24/03/2025,30/03/2025,2025-03,google,CMP-GS-005,Google Shopping — Product Catalog,acquisition,582.74,2542,144,5.7,4.05,229.2,133,7,5.54,3,51.0,4,3.04,2440.77,2,291.37,4.19,2.27,active
2025-W13,24/03/2025,30/03/2025,2025-03,meta,CMP-MT-001,Meta Prospecting — Darjeeling Loyalist,acquisition,2801.3,11298,236,2.09,11.87,247.93,211,11,5.23,6,63.43,7,3.68,5072.41,4,700.33,1.81,1.04,active
2025-W13,24/03/2025,30/03/2025,2025-03,meta,CMP-MT-002,Meta Retargeting — Site Visitors,retargeting,848.45,2289,43,1.92,19.73,370.54,38,2,7.43,1,57.52,1,2.23,524.76,1,848.45,0.62,0.33,active
2025-W13,24/03/2025,30/03/2025,2025-03,meta,CMP-MT-003,Meta Prospecting — Gift + Festive,acquisition,1449.2,6575,128,1.96,11.32,220.41,122,7,6.19,4,59.09,4,3.5,2994.96,3,483.07,2.07,1.08,active
2025-W14,31/03/2025,06/04/2025,2025-03,google,CMP-GS-001,Google Search — Brand + Darjeeling Intent,acquisition,1924.12,7103,286,4.03,6.73,270.87,249,17,6.83,11,64.78,7,2.85,5346.84,5,384.82,2.78,1.59,active
2025-W14,31/03/2025,06/04/2025,2025-03,google,CMP-GS-002,Google Search — First Flush Seasonal,acquisition,2318.19,11318,690,6.1,3.36,204.81,648,22,3.53,13,60.18,23,3.62,13488.49,14,165.59,5.82,3.25,active
2025-W14,31/03/2025,06/04/2025,2025-03,google,CMP-GS-003,Google Search — Chai + Daily Tea,acquisition,852.73,2759,134,4.87,6.36,309.0,117,6,5.95,3,56.67,3,2.98,2004.43,2,426.37,2.35,1.38,active
2025-W14,31/03/2025,06/04/2025,2025-03,google,CMP-GS-004,Google Search — Wellness + Green Tea,acquisition,663.17,2162,127,5.92,5.22,306.63,113,4,4.28,2,68.06,2,2.05,1381.46,1,663.17,2.08,1.04,active
2025-W14,31/03/2025,06/04/2025,2025-03,google,CMP-GS-005,Google Shopping — Product Catalog,acquisition,607.46,2230,122,5.5,4.98,272.38,114,6,5.76,3,51.44,1,1.27,597.89,1,607.46,0.98,0.6,active
2025-W14,31/03/2025,06/04/2025,2025-03,meta,CMP-MT-001,Meta Prospecting — Darjeeling Loyalist,acquisition,2878.91,8868,217,2.45,13.27,324.62,192,11,6.21,7,71.82,5,2.91,2979.38,3,959.64,1.03,0.56,active
2025-W14,31/03/2025,06/04/2025,2025-03,meta,CMP-MT-002,Meta Retargeting — Site Visitors,retargeting,890.05,2183,48,2.23,18.54,407.58,46,1,3.71,0,70.65,1,2.15,602.21,1,890.05,0.68,0.33,active
2025-W14,31/03/2025,06/04/2025,2025-03,meta,CMP-MT-003,Meta Prospecting — Gift + Festive,acquisition,1388.77,4751,114,2.41,12.18,292.29,109,4,4.4,2,56.11,2,2.12,1043.1,1,1388.77,0.75,0.42,active
2025-W15,07/04/2025,13/04/2025,2025-04,google,CMP-GS-001,Google Search — Brand + Darjeeling Intent,acquisition,1619.34,6227,241,3.88,6.72,260.05,227,16,7.41,9,59.32,2,1.12,1138.69,1,1619.34,0.7,0.41,active
2025-W15,07/04/2025,13/04/2025,2025-04,google,CMP-GS-002,Google Search — First Flush Seasonal,acquisition,3090.72,15969,836,5.24,3.7,193.54,794,46,5.87,29,63.78,14,1.87,7732.93,9,343.41,2.5,1.46,active
2025-W15,07/04/2025,13/04/2025,2025-04,google,CMP-GS-003,Google Search — Chai + Daily Tea,acquisition,865.61,4613,221,4.8,3.92,187.62,209,15,7.27,10,67.07,5,2.7,3538.02,3,288.54,4.09,2.1,active
2025-W15,07/04/2025,13/04/2025,2025-04,google,CMP-GS-004,Google Search — Wellness + Green Tea,acquisition,630.37,3344,130,3.9,4.85,188.5,117,8,6.89,4,51.43,1,1.27,652.58,1,630.37,1.04,0.51,active
2025-W15,07/04/2025,13/04/2025,2025-04,google,CMP-GS-005,Google Shopping — Product Catalog,acquisition,618.17,3267,190,5.83,3.25,189.21,175,8,4.68,4,58.39,2,1.18,1179.87,1,618.17,1.91,0.98,active
2025-W15,07/04/2025,13/04/2025,2025-04,meta,CMP-MT-001,Meta Prospecting — Darjeeling Loyalist,acquisition,3654.93,16454,297,1.81,12.31,222.12,282,19,7.02,12,63.62,5,1.88,3774.39,3,1218.31,1.03,0.5,active
2025-W15,07/04/2025,13/04/2025,2025-04,meta,CMP-MT-002,Meta Retargeting — Site Visitors,retargeting,862.89,3338,45,1.36,19.18,258.5,41,1,3.77,0,67.37,1,1.46,711.21,1,862.89,0.82,0.44,active
2025-W15,07/04/2025,13/04/2025,2025-04,meta,CMP-MT-003,Meta Prospecting — Gift + Festive,acquisition,1373.46,3763,71,1.91,19.34,364.92,63,4,6.69,2,51.33,1,1.8,807.92,1,1373.46,0.59,0.33,active
2025-W16,14/04/2025,20/04/2025,2025-04,google,CMP-GS-001,Google Search — Brand + Darjeeling Intent,acquisition,1718.43,5654,346,6.13,4.97,303.93,306,14,4.73,8,57.54,6,1.97,4175.59,4,429.61,2.43,1.5,active
2025-W16,14/04/2025,20/04/2025,2025-04,google,CMP-GS-002,Google Search — First Flush Seasonal,acquisition,2681.27,10682,674,6.31,3.98,251.0,644,33,5.19,17,54.3,9,1.48,6800.21,6,446.88,2.54,1.25,active
2025-W16,14/04/2025,20/04/2025,2025-04,google,CMP-GS-003,Google Search — Chai + Daily Tea,acquisition,936.26,3376,227,6.75,4.12,277.27,211,10,4.82,6,62.73,7,3.69,4519.26,4,234.06,4.83,2.58,active
2025-W16,14/04/2025,20/04/2025,2025-04,google,CMP-GS-004,Google Search — Wellness + Green Tea,acquisition,692.32,2383,93,3.93,7.44,290.49,82,2,3.51,1,54.91,1,1.57,591.71,1,692.32,0.85,0.46,active
2025-W16,14/04/2025,20/04/2025,2025-04,google,CMP-GS-005,Google Shopping — Product Catalog,acquisition,665.17,2937,176,6.02,3.78,226.41,156,6,4.24,4,71.78,3,1.95,1587.02,1,665.17,2.39,1.45,active
2025-W16,14/04/2025,20/04/2025,2025-04,meta,CMP-MT-001,Meta Prospecting — Darjeeling Loyalist,acquisition,3343.08,12913,276,2.14,12.11,258.88,261,9,3.68,4,50.65,3,1.47,2356.84,2,1671.54,0.7,0.42,active
2025-W16,14/04/2025,20/04/2025,2025-04,meta,CMP-MT-002,Meta Retargeting — Site Visitors,retargeting,865.4,2615,38,1.49,22.77,330.9,33,2,6.87,1,70.03,1,0.96,633.68,1,865.4,0.73,0.38,active
2025-W16,14/04/2025,20/04/2025,2025-04,meta,CMP-MT-003,Meta Prospecting — Gift + Festive,acquisition,1269.29,3116,52,1.69,24.41,407.22,46,3,6.74,1,64.54,1,3.63,819.31,1,1269.29,0.65,0.31,active
2025-W17,21/04/2025,27/04/2025,2025-04,google,CMP-GS-001,Google Search — Brand + Darjeeling Intent,acquisition,1963.46,10380,439,4.23,4.47,189.15,422,28,6.68,15,54.22,8,2.0,5598.92,6,327.24,2.85,1.62,active
2025-W17,21/04/2025,27/04/2025,2025-04,google,CMP-GS-002,Google Search — First Flush Seasonal,acquisition,2816.08,15102,853,5.65,3.3,186.47,758,42,5.64,28,67.37,14,1.85,10621.57,11,256.01,3.77,2.31,active
2025-W17,21/04/2025,27/04/2025,2025-04,google,CMP-GS-003,Google Search — Chai + Daily Tea,acquisition,975.92,3092,199,6.46,4.9,315.57,177,6,3.83,3,60.35,4,2.82,2690.34,3,325.31,2.76,1.68,active
2025-W17,21/04/2025,27/04/2025,2025-04,google,CMP-GS-004,Google Search — Wellness + Green Tea,acquisition,724.37,2882,152,5.3,4.77,251.28,139,6,4.79,3,58.23,4,2.91,2673.75,2,362.19,3.69,1.92,active
2025-W17,21/04/2025,27/04/2025,2025-04,google,CMP-GS-005,Google Shopping — Product Catalog,acquisition,585.74,1895,105,5.55,5.58,308.97,91,3,4.38,1,54.47,3,3.4,1835.4,2,292.87,3.13,1.77,active
2025-W17,21/04/2025,27/04/2025,2025-04,meta,CMP-MT-001,Meta Prospecting — Darjeeling Loyalist,acquisition,3580.29,8794,158,1.8,22.66,407.1,146,5,4.04,2,51.85,3,2.19,2085.57,2,1790.14,0.58,0.33,active
2025-W17,21/04/2025,27/04/2025,2025-04,meta,CMP-MT-002,Meta Retargeting — Site Visitors,retargeting,926.16,3034,59,1.95,15.7,305.22,53,3,6.72,1,56.97,1,2.01,590.14,1,926.16,0.64,0.38,active
2025-W17,21/04/2025,27/04/2025,2025-04,meta,CMP-MT-003,Meta Prospecting — Gift + Festive,acquisition,1352.66,5719,145,2.55,9.33,236.48,133,8,6.07,5,67.29,4,3.59,2165.62,2,676.33,1.6,0.97,active
2025-W18,28/04/2025,04/05/2025,2025-04,google,CMP-GS-001,Google Search — Brand + Darjeeling Intent,acquisition,1670.53,8049,385,4.79,4.34,207.53,346,23,6.76,14,65.04,5,1.7,4096.99,4,417.63,2.45,1.28,active
2025-W18,28/04/2025,04/05/2025,2025-04,google,CMP-GS-002,Google Search — First Flush Seasonal,acquisition,3181.72,11220,733,6.54,4.34,283.57,638,29,4.7,19,68.09,20,3.17,12834.55,15,212.11,4.03,2.27,active
2025-W18,28/04/2025,04/05/2025,2025-04,google,CMP-GS-003,Google Search — Chai + Daily Tea,acquisition,933.55,3793,202,5.34,4.62,246.08,191,7,4.1,4,58.75,2,1.56,1324.66,1,933.55,1.42,0.73,active
2025-W18,28/04/2025,04/05/2025,2025-04,google,CMP-GS-004,Google Search — Wellness + Green Tea,acquisition,748.04,2614,156,5.97,4.8,286.07,142,9,6.67,5,56.89,2,1.44,1458.76,1,748.04,1.95,1.0,active
2025-W18,28/04/2025,04/05/2025,2025-04,google,CMP-GS-005,Google Shopping — Product Catalog,acquisition,592.8,2296,112,4.92,5.29,258.18,103,4,4.01,2,70.75,1,0.93,770.29,1,592.8,1.3,0.66,active
2025-W18,28/04/2025,04/05/2025,2025-04,meta,CMP-MT-001,Meta Prospecting — Darjeeling Loyalist,acquisition,3451.7,9664,178,1.85,19.39,357.15,168,9,5.65,5,57.17,3,0.97,2389.93,1,3451.7,0.69,0.35,active
2025-W18,28/04/2025,04/05/2025,2025-04,meta,CMP-MT-002,Meta Retargeting — Site Visitors,retargeting,997.77,3488,77,2.21,12.96,286.05,71,4,5.93,2,69.07,2,3.74,1274.38,1,997.77,1.28,0.76,active
2025-W18,28/04/2025,04/05/2025,2025-04,meta,CMP-MT-003,Meta Prospecting — Gift + Festive,acquisition,1295.28,5358,113,2.11,11.46,241.73,103,7,7.08,3,52.05,2,1.2,1059.24,1,1295.28,0.82,0.44,active
